site_id,timestamp,biomass_density_g_L,biomass_produced_kg,water_temp_C,pH,dissolved_O2_mg_L,dissolved_CO2_mg_L,turbidity_NTU,light_PAR,harvested_g_L
site-a,2026-08-01T00:00:00Z,0.525,0.0,27.4,9.36,6.98,22.92,36.7,0.0,0.0
site-a,2026-08-01T01:00:00Z,0.525,0.0,26.37,9.36,6.62,22.19,37.6,0.0,0.0
site-a,2026-08-01T02:00:00Z,0.525,0.0,25.76,9.32,6.8,22.12,38.5,0.0,0.0
site-a,2026-08-01T03:00:00Z,0.525,0.0,25.46,9.36,6.67,22.6,35.6,0.0,0.0
site-a,2026-08-01T04:00:00Z,0.525,0.0,25.57,9.37,6.65,22.18,38.5,0.0,0.0
site-a,2026-08-01T05:00:00Z,0.525,0.0,26.19,9.31,6.64,22.26,37.4,0.0,0.0
site-a,2026-08-01T06:00:00Z,0.5273,105.529,27.2,9.75,10.14,14.72,38.1,372.6,0.0
site-a,2026-08-01T07:00:00Z,0.5307,153.803,28.27,9.86,10.88,12.96,37.5,811.8,0.0
site-a,2026-08-01T08:00:00Z,0.5351,198.3041,29.68,9.93,10.85,12.0,36.5,1208.0,0.0
site-a,2026-08-01T09:00:00Z,0.5393,187.373,31.38,9.9,11.62,14.0,39.6,1540.3,0.0
site-a,2026-08-01T10:00:00Z,0.5434,186.581,32.47,9.88,10.9,12.71,36.8,1791.1,0.0
site-a,2026-08-01T11:00:00Z,0.5475,185.0044,34.03,9.87,10.49,13.29,39.4,1947.1,0.0
site-a,2026-08-01T12:00:00Z,0.5516,184.8493,35.0,9.81,10.61,14.79,38.6,2000.0,0.0
site-a,2026-08-01T13:00:00Z,0.5553,167.6438,36.15,9.83,10.79,13.52,38.2,1947.1,0.0
site-a,2026-08-01T14:00:00Z,0.5597,201.0348,36.02,9.83,10.9,12.56,39.2,1791.1,0.0
site-a,2026-08-01T15:00:00Z,0.5643,206.0826,36.85,9.91,11.07,13.41,38.8,1540.3,0.0
site-a,2026-08-01T16:00:00Z,0.5687,202.5304,36.29,9.85,11.24,11.7,38.5,1208.0,0.0
site-a,2026-08-01T17:00:00Z,0.5729,190.1172,36.01,9.76,10.22,13.89,36.7,811.8,0.0
site-a,2026-08-01T18:00:00Z,0.576,140.9538,34.81,9.74,9.85,14.73,39.6,372.6,0.0
site-a,2026-08-01T19:00:00Z,0.576,0.0,33.47,9.31,6.79,21.31,39.5,0.0,0.0
site-a,2026-08-01T20:00:00Z,0.576,0.0,32.62,9.35,7.05,22.82,39.5,0.0,0.0
site-a,2026-08-01T21:00:00Z,0.576,0.0,31.2,9.35,6.98,21.77,39.6,0.0,0.0
site-a,2026-08-01T22:00:00Z,0.576,0.0,29.62,9.4,6.85,22.27,37.7,0.0,0.0
site-a,2026-08-01T23:00:00Z,0.576,0.0,28.04,9.4,6.82,21.9,35.9,0.0,0.0
site-a,2026-08-02T00:00:00Z,0.576,0.0,27.09,9.35,7.01,20.97,37.8,0.0,0.0
site-a,2026-08-02T01:00:00Z,0.576,0.0,25.88,9.41,6.66,21.82,39.4,0.0,0.0
site-a,2026-08-02T02:00:00Z,0.576,0.0,25.61,9.32,6.82,21.77,38.9,0.0,0.0
site-a,2026-08-02T03:00:00Z,0.576,0.0,25.1,9.42,6.47,22.8,39.4,0.0,0.0
site-a,2026-08-02T04:00:00Z,0.576,0.0,25.95,9.32,6.68,22.0,37.4,0.0,0.0
site-a,2026-08-02T05:00:00Z,0.576,0.0,26.15,9.33,6.75,21.76,37.9,0.0,0.0
site-a,2026-08-02T06:00:00Z,0.5786,117.3546,27.56,9.74,9.87,14.94,39.6,367.4,0.0
site-a,2026-08-02T07:00:00Z,0.5823,165.5759,28.19,9.81,10.85,13.19,39.3,807.8,0.0
site-a,2026-08-02T08:00:00Z,0.5863,178.9072,29.76,9.86,11.31,12.54,40.3,1205.2,0.0
site-a,2026-08-02T09:00:00Z,0.5905,192.6853,31.44,9.9,11.38,12.94,39.5,1538.6,0.0
site-a,2026-08-02T10:00:00Z,0.5945,180.0397,32.13,9.88,11.22,13.27,39.1,1790.3,0.0
site-a,2026-08-02T11:00:00Z,0.5986,186.434,34.12,9.83,10.33,14.35,39.4,1946.9,0.0
site-a,2026-08-02T12:00:00Z,0.6029,191.9748,34.5,9.88,10.55,13.52,40.3,2000.0,0.0
site-a,2026-08-02T13:00:00Z,0.6068,178.46,35.47,9.84,10.64,13.3,38.8,1946.9,0.0
site-a,2026-08-02T14:00:00Z,0.6109,185.0569,36.48,9.83,11.2,12.34,42.3,1790.3,0.0
site-a,2026-08-02T15:00:00Z,0.6152,196.8521,36.81,9.91,11.2,12.35,39.6,1538.6,0.0
site-a,2026-08-02T16:00:00Z,0.6197,199.929,36.39,9.86,11.08,12.43,36.9,1205.2,0.0
site-a,2026-08-02T17:00:00Z,0.624,196.3656,35.9,9.87,10.84,13.34,41.5,807.8,0.0
site-a,2026-08-02T18:00:00Z,0.6272,146.3486,34.55,9.72,9.87,14.37,40.3,367.4,0.0
site-a,2026-08-02T19:00:00Z,0.6272,0.0,33.9,9.34,6.65,21.97,40.9,0.0,0.0
site-a,2026-08-02T20:00:00Z,0.6272,0.0,32.68,9.36,6.49,22.33,42.2,0.0,0.0
site-a,2026-08-02T21:00:00Z,0.6272,0.0,30.72,9.35,6.88,22.08,42.1,0.0,0.0
site-a,2026-08-02T22:00:00Z,0.6272,0.0,29.66,9.37,6.66,21.25,40.8,0.0,0.0
site-a,2026-08-02T23:00:00Z,0.6272,0.0,27.9,9.31,6.75,22.35,41.9,0.0,0.0
site-a,2026-08-03T00:00:00Z,0.6272,0.0,27.2,9.37,6.89,21.75,42.2,0.0,0.0
site-a,2026-08-03T01:00:00Z,0.6272,0.0,26.1,9.38,6.86,21.99,40.5,0.0,0.0
site-a,2026-08-03T02:00:00Z,0.6272,0.0,25.5,9.35,6.67,21.94,40.5,0.0,0.0
site-a,2026-08-03T03:00:00Z,0.6272,0.0,25.42,9.33,6.74,21.94,39.8,0.0,0.0
site-a,2026-08-03T04:00:00Z,0.6272,0.0,25.71,9.33,6.97,22.24,39.5,0.0,0.0
site-a,2026-08-03T05:00:00Z,0.6272,0.0,26.38,9.39,7.13,22.67,40.3,0.0,0.0
site-a,2026-08-03T06:00:00Z,0.6298,115.9938,27.15,9.76,9.87,15.62,44.2,362.1,0.0
site-a,2026-08-03T07:00:00Z,0.6334,163.6611,28.32,9.82,10.85,13.49,42.3,803.7,0.0
site-a,2026-08-03T08:00:00Z,0.6373,178.343,29.9,9.92,10.98,13.47,41.7,1202.4,0.0
site-a,2026-08-03T09:00:00Z,0.6415,188.6105,30.85,9.96,11.1,12.36,41.8,1536.9,0.0
site-a,2026-08-03T10:00:00Z,0.646,205.0866,32.3,9.87,10.96,12.88,41.4,1789.5,0.0
site-a,2026-08-03T11:00:00Z,0.6498,171.5489,33.9,9.89,10.52,13.13,43.3,1946.7,0.0
site-a,2026-08-03T12:00:00Z,0.6539,182.8341,34.79,9.81,10.19,13.5,43.8,2000.0,0.0
site-a,2026-08-03T13:00:00Z,0.658,188.4911,35.71,9.81,10.69,14.46,41.9,1946.7,0.0
site-a,2026-08-03T14:00:00Z,0.6626,206.7413,36.29,9.86,10.73,12.86,43.7,1789.5,0.0
site-a,2026-08-03T15:00:00Z,0.6676,224.0747,36.51,9.88,11.21,12.86,42.6,1536.9,0.0
site-a,2026-08-03T16:00:00Z,0.672,201.4033,36.19,9.88,10.92,13.18,41.4,1202.4,0.0
site-a,2026-08-03T17:00:00Z,0.6764,198.6893,35.71,9.87,11.12,13.36,42.6,803.7,0.0
site-a,2026-08-03T18:00:00Z,0.6792,126.5622,35.26,9.74,9.96,15.6,44.2,362.1,0.0
site-a,2026-08-03T19:00:00Z,0.6792,0.0,33.96,9.35,6.9,22.58,43.9,0.0,0.0
site-a,2026-08-03T20:00:00Z,0.6792,0.0,32.24,9.35,6.91,22.18,42.7,0.0,0.0
site-a,2026-08-03T21:00:00Z,0.6792,0.0,31.04,9.35,6.78,21.89,45.0,0.0,0.0
site-a,2026-08-03T22:00:00Z,0.6792,0.0,29.28,9.4,7.13,22.17,44.3,0.0,0.0
site-a,2026-08-03T23:00:00Z,0.6792,0.0,28.14,9.35,6.56,22.56,43.8,0.0,0.0
site-a,2026-08-04T00:00:00Z,0.6792,0.0,27.3,9.35,7.09,21.49,45.0,0.0,0.0
site-a,2026-08-04T01:00:00Z,0.6792,0.0,26.42,9.4,6.96,22.09,44.6,0.0,0.0
site-a,2026-08-04T02:00:00Z,0.6792,0.0,26.03,9.3,7.25,22.09,42.7,0.0,0.0
site-a,2026-08-04T03:00:00Z,0.6792,0.0,25.83,9.3,6.77,21.29,41.7,0.0,0.0
site-a,2026-08-04T04:00:00Z,0.6792,0.0,25.86,9.34,6.97,22.15,40.1,0.0,0.0
site-a,2026-08-04T05:00:00Z,0.6792,0.0,26.61,9.38,6.89,22.52,42.5,0.0,0.0
site-a,2026-08-04T06:00:00Z,0.6817,110.6178,26.94,9.79,9.86,15.17,44.7,356.7,0.0
site-a,2026-08-04T07:00:00Z,0.685,151.2365,28.31,9.85,10.77,13.5,43.1,799.5,0.0
site-a,2026-08-04T08:00:00Z,0.6888,170.7892,29.4,9.9,11.18,12.77,45.0,1199.4,0.0
site-a,2026-08-04T09:00:00Z,0.6928,182.8454,31.28,9.9,11.36,12.1,43.0,1535.2,0.0
site-a,2026-08-04T10:00:00Z,0.6971,195.2634,32.09,9.88,10.69,13.01,43.8,1788.7,0.0
site-a,2026-08-04T11:00:00Z,0.7011,179.7389,33.81,9.87,10.57,14.23,45.1,1946.5,0.0
site-a,2026-08-04T12:00:00Z,0.705,177.4701,34.78,9.8,10.76,12.84,45.7,2000.0,0.0
site-a,2026-08-04T13:00:00Z,0.709,180.731,35.51,9.87,10.62,13.93,45.1,1946.5,0.0
site-a,2026-08-04T14:00:00Z,0.7136,205.8363,36.6,9.87,11.16,12.63,43.9,1788.7,0.0
site-a,2026-08-04T15:00:00Z,0.7182,208.8637,36.58,9.93,11.23,12.58,44.6,1535.2,0.0
site-a,2026-08-04T16:00:00Z,0.7225,196.4183,36.62,9.92,11.36,13.35,44.5,1199.4,0.0
site-a,2026-08-04T17:00:00Z,0.7262,168.4128,36.0,9.84,10.97,13.53,43.9,799.5,0.0
site-a,2026-08-04T18:00:00Z,0.7294,143.4003,34.97,9.76,9.76,15.52,44.4,356.7,0.0
site-a,2026-08-04T19:00:00Z,0.7294,0.0,33.29,9.41,6.81,22.01,44.4,0.0,0.0
site-a,2026-08-04T20:00:00Z,0.7294,0.0,32.46,9.35,7.18,23.05,43.7,0.0,0.0
site-a,2026-08-04T21:00:00Z,0.7294,0.0,31.22,9.35,6.8,22.15,44.2,0.0,0.0
site-a,2026-08-04T22:00:00Z,0.7294,0.0,29.78,9.33,6.58,22.35,45.7,0.0,0.0
site-a,2026-08-04T23:00:00Z,0.7294,0.0,28.56,9.35,6.73,22.96,44.0,0.0,0.0
site-a,2026-08-05T00:00:00Z,0.7294,0.0,26.79,9.37,6.63,22.58,43.5,0.0,0.0
site-a,2026-08-05T01:00:00Z,0.7294,0.0,26.25,9.27,6.46,22.1,44.6,0.0,0.0
site-a,2026-08-05T02:00:00Z,0.7294,0.0,25.58,9.36,6.59,21.61,45.5,0.0,0.0
site-a,2026-08-05T03:00:00Z,0.7294,0.0,25.66,9.35,6.91,21.71,44.2,0.0,0.0
site-a,2026-08-05T04:00:00Z,0.7294,0.0,25.91,9.32,6.66,21.46,47.2,0.0,0.0
site-a,2026-08-05T05:00:00Z,0.7294,0.0,25.97,9.34,6.72,21.73,45.0,0.0,0.0
site-a,2026-08-05T06:00:00Z,0.7317,104.8562,27.05,9.7,9.96,16.75,44.2,351.3,0.0
site-a,2026-08-05T07:00:00Z,0.7351,154.3122,28.15,9.88,10.7,13.87,45.0,795.2,0.0
site-a,2026-08-05T08:00:00Z,0.7389,171.6754,29.42,9.88,11.12,12.74,44.0,1196.5,0.0
site-a,2026-08-05T09:00:00Z,0.743,181.9888,30.68,9.88,11.31,12.39,45.5,1533.4,0.0
site-a,2026-08-05T10:00:00Z,0.7471,189.197,32.5,9.88,10.98,13.02,46.9,1787.9,0.0
site-a,2026-08-05T11:00:00Z,0.7512,183.7304,33.19,9.87,10.41,13.1,45.0,1946.2,0.0
site-a,2026-08-05T12:00:00Z,0.7544,146.2915,35.09,9.83,10.36,13.8,45.0,2000.0,0.0
site-a,2026-08-05T13:00:00Z,0.7583,174.6753,35.86,9.79,10.68,14.04,45.5,1946.2,0.0
site-a,2026-08-05T14:00:00Z,0.7624,184.1992,36.43,9.85,11.12,13.37,45.8,1787.9,0.0
site-a,2026-08-05T15:00:00Z,0.7666,194.1229,36.62,9.9,11.41,13.0,46.2,1533.4,0.0
site-a,2026-08-05T16:00:00Z,0.7707,184.7416,36.66,9.87,11.2,12.53,47.5,1196.5,0.0
site-a,2026-08-05T17:00:00Z,0.7745,168.7404,35.75,9.79,10.46,13.31,45.8,795.2,0.0
site-a,2026-08-05T18:00:00Z,0.7773,127.8583,34.98,9.71,10.14,15.66,47.6,351.3,0.0
site-a,2026-08-05T19:00:00Z,0.7773,0.0,33.79,9.34,6.98,22.67,44.4,0.0,0.0
site-a,2026-08-05T20:00:00Z,0.7773,0.0,32.27,9.33,6.97,22.14,47.0,0.0,0.0
site-a,2026-08-05T21:00:00Z,0.7773,0.0,31.16,9.38,6.92,22.51,45.6,0.0,0.0
site-a,2026-08-05T22:00:00Z,0.7773,0.0,29.65,9.36,6.44,21.65,48.6,0.0,0.0
site-a,2026-08-05T23:00:00Z,0.7773,0.0,28.08,9.34,6.82,22.93,46.2,0.0,0.0
site-a,2026-08-06T00:00:00Z,0.7773,0.0,26.85,9.29,6.75,22.51,46.4,0.0,0.0
site-a,2026-08-06T01:00:00Z,0.7773,0.0,26.85,9.3,6.86,22.03,45.3,0.0,0.0
site-a,2026-08-06T02:00:00Z,0.7773,0.0,25.61,9.36,6.78,22.14,45.9,0.0,0.0
site-a,2026-08-06T03:00:00Z,0.7773,0.0,25.02,9.37,6.79,21.91,46.6,0.0,0.0
site-a,2026-08-06T04:00:00Z,0.7773,0.0,25.4,9.38,6.73,22.44,45.5,0.0,0.0
site-a,2026-08-06T05:00:00Z,0.7773,0.0,26.29,9.33,6.74,21.77,47.1,0.0,0.0
site-a,2026-08-06T06:00:00Z,0.7797,110.7369,27.72,9.7,9.48,16.42,47.3,345.7,0.0
site-a,2026-08-06T07:00:00Z,0.783,146.1709,28.21,9.84,10.93,14.01,46.4,790.9,0.0
site-a,2026-08-06T08:00:00Z,0.7865,161.5473,29.5,9.97,11.26,12.83,44.3,1193.4,0.0
site-a,2026-08-06T09:00:00Z,0.7905,178.1762,30.85,9.94,11.24,11.37,47.5,1531.6,0.0
site-a,2026-08-06T10:00:00Z,0.7944,177.5951,32.23,9.82,10.89,13.17,47.6,1787.0,0.0
site-a,2026-08-06T11:00:00Z,0.7982,170.7355,33.85,9.83,10.83,13.78,46.9,1946.0,0.0
site-a,2026-08-06T12:00:00Z,0.8017,159.8956,34.44,9.85,10.3,14.23,46.2,2000.0,0.0
site-a,2026-08-06T13:00:00Z,0.8052,157.2356,36.06,9.84,10.55,13.99,43.7,1946.0,0.0
site-a,2026-08-06T14:00:00Z,0.8096,200.8224,36.65,9.87,10.98,13.49,49.9,1787.0,0.0
site-a,2026-08-06T15:00:00Z,0.8136,182.3892,36.46,9.88,11.53,11.86,48.7,1531.6,0.0
site-a,2026-08-06T16:00:00Z,0.8175,174.9708,36.38,9.89,10.87,12.43,46.8,1193.4,0.0
site-a,2026-08-06T17:00:00Z,0.8211,160.8176,35.39,9.86,10.59,13.2,50.5,790.9,0.0
site-a,2026-08-06T18:00:00Z,0.8238,122.8341,35.11,9.74,9.78,15.48,49.2,345.7,0.0
site-a,2026-08-06T19:00:00Z,0.8238,0.0,34.04,9.35,7.12,21.98,48.3,0.0,0.0
site-a,2026-08-06T20:00:00Z,0.8238,0.0,32.48,9.38,6.93,21.74,49.4,0.0,0.0
site-a,2026-08-06T21:00:00Z,0.8238,0.0,31.28,9.35,6.87,22.17,48.9,0.0,0.0
site-a,2026-08-06T22:00:00Z,0.8238,0.0,29.44,9.3,6.69,22.91,51.7,0.0,0.0
site-a,2026-08-06T23:00:00Z,0.8238,0.0,27.99,9.37,6.76,22.04,48.2,0.0,0.0
site-a,2026-08-07T00:00:00Z,0.8238,0.0,26.98,9.34,6.91,21.88,47.9,0.0,0.0
site-a,2026-08-07T01:00:00Z,0.8238,0.0,26.43,9.3,6.49,21.96,48.9,0.0,0.0
site-a,2026-08-07T02:00:00Z,0.8238,0.0,25.51,9.38,6.89,22.13,48.4,0.0,0.0
site-a,2026-08-07T03:00:00Z,0.8238,0.0,25.25,9.32,7.06,21.24,47.3,0.0,0.0
site-a,2026-08-07T04:00:00Z,0.8238,0.0,25.85,9.3,6.7,22.15,47.5,0.0,0.0
site-a,2026-08-07T05:00:00Z,0.8238,0.0,26.67,9.36,6.8,22.2,48.4,0.0,0.0
site-a,2026-08-07T06:00:00Z,0.8259,96.4062,27.31,9.77,9.92,15.72,47.5,340.0,0.0
site-a,2026-08-07T07:00:00Z,0.829,140.8143,27.99,9.8,10.95,13.21,48.4,786.5,0.0
site-a,2026-08-07T08:00:00Z,0.8322,142.5546,29.36,9.88,11.13,12.69,47.2,1190.3,0.0
site-a,2026-08-07T09:00:00Z,0.8361,179.034,30.82,9.91,11.12,12.53,49.7,1529.7,0.0
site-a,2026-08-07T10:00:00Z,0.8401,179.4975,32.91,9.88,11.25,13.02,48.1,1786.2,0.0
site-a,2026-08-07T11:00:00Z,0.8438,165.491,33.84,9.85,10.49,14.05,49.6,1945.8,0.0
site-a,2026-08-07T12:00:00Z,0.8474,164.1412,34.98,9.79,10.68,13.99,49.1,2000.0,0.0
site-a,2026-08-07T13:00:00Z,0.8507,148.4924,35.75,9.84,10.7,13.11,50.4,1945.8,0.0
site-a,2026-08-07T14:00:00Z,0.8544,168.1663,36.36,9.85,10.7,13.66,47.6,1786.2,0.0
site-a,2026-08-07T15:00:00Z,0.8584,182.2758,36.33,9.9,11.46,13.29,48.2,1529.7,0.0
site-a,2026-08-07T16:00:00Z,0.8622,171.3485,36.01,9.86,10.78,13.08,50.2,1190.3,0.0
site-a,2026-08-07T17:00:00Z,0.8658,162.9889,35.95,9.85,10.73,13.87,47.5,786.5,0.0
site-a,2026-08-07T18:00:00Z,0.8684,120.0751,35.34,9.7,9.88,15.82,49.3,340.0,0.0
site-a,2026-08-07T19:00:00Z,0.8684,0.0,33.74,9.34,7.11,21.23,50.9,0.0,0.0
site-a,2026-08-07T20:00:00Z,0.8684,0.0,32.37,9.33,7.06,22.04,50.7,0.0,0.0
site-a,2026-08-07T21:00:00Z,0.8684,0.0,30.74,9.37,7.02,21.92,51.7,0.0,0.0
site-a,2026-08-07T22:00:00Z,0.8684,0.0,29.49,9.37,7.03,21.78,47.8,0.0,0.0
site-a,2026-08-07T23:00:00Z,0.8684,0.0,27.89,9.33,6.91,21.63,48.7,0.0,0.0
site-a,2026-08-08T00:00:00Z,0.8684,0.0,27.28,9.41,7.15,21.86,51.9,0.0,0.0
site-a,2026-08-08T01:00:00Z,0.8684,0.0,26.46,9.34,6.87,22.46,49.1,0.0,0.0
site-a,2026-08-08T02:00:00Z,0.8684,0.0,25.7,9.34,6.93,21.5,51.4,0.0,0.0
site-a,2026-08-08T03:00:00Z,0.8684,0.0,25.4,9.38,6.77,21.6,50.5,0.0,0.0
site-a,2026-08-08T04:00:00Z,0.8684,0.0,25.86,9.31,7.07,21.13,50.7,0.0,0.0
site-a,2026-08-08T05:00:00Z,0.8684,0.0,26.01,9.36,6.77,21.18,50.8,0.0,0.0
site-a,2026-08-08T06:00:00Z,0.8705,93.506,27.01,9.7,10.23,15.37,50.2,334.2,0.0
site-a,2026-08-08T07:00:00Z,0.8734,128.3822,27.98,9.8,10.92,12.89,47.4,782.0,0.0
site-a,2026-08-08T08:00:00Z,0.877,163.0203,29.17,9.87,10.84,12.59,50.3,1187.2,0.0
site-a,2026-08-08T09:00:00Z,0.8809,178.039,31.38,9.9,11.34,13.01,51.3,1527.8,0.0
site-a,2026-08-08T10:00:00Z,0.8844,157.4128,32.27,9.83,10.94,12.66,51.1,1785.3,0.0
site-a,2026-08-08T11:00:00Z,0.8878,157.4255,33.51,9.83,10.75,14.01,51.2,1945.6,0.0
site-a,2026-08-08T12:00:00Z,0.8911,146.2634,34.49,9.78,10.61,14.09,48.4,2000.0,0.0
site-a,2026-08-08T13:00:00Z,0.8944,148.8352,35.47,9.79,10.43,13.4,51.3,1945.6,0.0
site-a,2026-08-08T14:00:00Z,0.8976,147.8802,36.33,9.9,11.13,13.02,50.8,1785.3,0.0
site-a,2026-08-08T15:00:00Z,0.9019,193.0319,36.22,9.89,11.07,12.45,48.6,1527.8,0.0
site-a,2026-08-08T16:00:00Z,0.9056,168.4598,36.28,9.84,11.2,12.26,52.7,1187.2,0.0
site-a,2026-08-08T17:00:00Z,0.9092,159.7975,36.2,9.82,10.75,13.24,52.2,782.0,0.0
site-a,2026-08-08T18:00:00Z,0.9117,115.8839,34.93,9.72,9.93,15.74,49.9,334.2,0.0
site-a,2026-08-08T19:00:00Z,0.9117,0.0,34.17,9.35,6.7,22.58,49.2,0.0,0.0
site-a,2026-08-08T20:00:00Z,0.9117,0.0,32.32,9.36,6.84,21.92,51.8,0.0,0.0
site-a,2026-08-08T21:00:00Z,0.9117,0.0,31.2,9.34,6.82,22.15,51.5,0.0,0.0
site-a,2026-08-08T22:00:00Z,0.9117,0.0,29.41,9.36,6.64,21.62,54.6,0.0,0.0
site-a,2026-08-08T23:00:00Z,0.9117,0.0,28.18,9.35,6.29,21.39,52.9,0.0,0.0
site-a,2026-08-09T00:00:00Z,0.9117,0.0,26.95,9.31,7.08,21.73,49.9,0.0,0.0
site-a,2026-08-09T01:00:00Z,0.9117,0.0,26.01,9.33,6.71,21.86,51.3,0.0,0.0
site-a,2026-08-09T02:00:00Z,0.9117,0.0,25.66,9.34,6.95,21.29,51.2,0.0,0.0
site-a,2026-08-09T03:00:00Z,0.9117,0.0,25.48,9.41,6.7,21.7,52.0,0.0,0.0
site-a,2026-08-09T04:00:00Z,0.9117,0.0,25.32,9.31,6.82,22.29,52.0,0.0,0.0
site-a,2026-08-09T05:00:00Z,0.9117,0.0,26.24,9.33,6.71,22.42,52.4,0.0,0.0
site-a,2026-08-09T06:00:00Z,0.9137,87.8672,27.0,9.78,9.7,14.91,53.3,328.3,0.0
site-a,2026-08-09T07:00:00Z,0.9164,122.5912,28.17,9.86,10.42,13.72,52.3,777.4,0.0
site-a,2026-08-09T08:00:00Z,0.9194,137.1295,29.93,9.89,11.15,12.54,54.3,1184.0,0.0
site-a,2026-08-09T09:00:00Z,0.923,161.3712,31.11,9.88,11.03,12.84,51.8,1525.9,0.0
site-a,2026-08-09T10:00:00Z,0.9265,159.5969,32.37,9.82,11.22,12.53,54.4,1784.4,0.0
site-a,2026-08-09T11:00:00Z,0.9296,142.2988,34.01,9.87,10.53,13.89,54.9,1945.3,0.0
site-a,2026-08-09T12:00:00Z,0.9329,148.0509,34.77,9.89,10.42,14.4,51.2,2000.0,0.0
site-a,2026-08-09T13:00:00Z,0.9359,133.5585,35.79,9.84,10.96,14.22,54.8,1945.3,0.0
site-a,2026-08-09T14:00:00Z,0.939,144.2618,36.4,9.88,11.14,13.21,53.2,1784.4,0.0
site-a,2026-08-09T15:00:00Z,0.9426,161.9479,36.76,9.94,11.48,12.85,52.9,1525.9,0.0
site-a,2026-08-09T16:00:00Z,0.9458,141.5051,36.59,9.89,10.93,13.02,53.2,1184.0,0.0
site-a,2026-08-09T17:00:00Z,0.9488,137.841,35.49,9.84,10.82,13.1,53.9,777.4,0.0
site-a,2026-08-09T18:00:00Z,0.9511,103.449,34.96,9.68,9.72,15.74,52.9,328.3,0.0
site-a,2026-08-09T19:00:00Z,0.9511,0.0,33.38,9.35,6.6,22.4,50.4,0.0,0.0
site-a,2026-08-09T20:00:00Z,0.9511,0.0,32.61,9.34,6.96,22.58,52.8,0.0,0.0
site-a,2026-08-09T21:00:00Z,0.9511,0.0,31.01,9.34,6.68,22.4,53.2,0.0,0.0
site-a,2026-08-09T22:00:00Z,0.9511,0.0,29.55,9.33,7.03,21.65,54.0,0.0,0.0
site-a,2026-08-09T23:00:00Z,0.9511,0.0,28.36,9.35,6.66,21.74,54.1,0.0,0.0
site-a,2026-08-10T00:00:00Z,0.9511,0.0,27.56,9.3,6.79,23.03,55.3,0.0,0.0
site-a,2026-08-10T01:00:00Z,0.9511,0.0,26.84,9.36,6.75,22.17,53.1,0.0,0.0
site-a,2026-08-10T02:00:00Z,0.9511,0.0,25.85,9.35,6.33,22.65,50.8,0.0,0.0
site-a,2026-08-10T03:00:00Z,0.9511,0.0,26.23,9.35,6.9,21.95,52.5,0.0,0.0
site-a,2026-08-10T04:00:00Z,0.9511,0.0,25.4,9.37,7.12,22.26,50.7,0.0,0.0
site-a,2026-08-10T05:00:00Z,0.9511,0.0,25.95,9.34,6.72,21.67,53.7,0.0,0.0
site-a,2026-08-10T06:00:00Z,0.9528,79.1293,27.29,9.68,9.93,15.59,51.4,322.3,0.0
site-a,2026-08-10T07:00:00Z,0.9555,118.9452,28.11,9.82,10.55,13.58,54.2,772.7,0.0
site-a,2026-08-10T08:00:00Z,0.9587,144.6111,29.56,9.87,11.4,13.44,53.3,1180.7,0.0
site-a,2026-08-10T09:00:00Z,0.9617,136.8091,30.68,9.93,11.44,12.34,53.2,1523.9,0.0
site-a,2026-08-10T10:00:00Z,0.9648,142.5129,32.53,9.87,11.13,13.67,52.7,1783.5,0.0
site-a,2026-08-10T11:00:00Z,0.968,141.5659,34.16,9.83,10.39,13.08,54.8,1945.1,0.0
site-a,2026-08-10T12:00:00Z,0.9708,128.4977,34.41,9.84,10.72,13.41,54.9,2000.0,0.0
site-a,2026-08-10T13:00:00Z,0.9736,126.2773,35.57,9.81,10.79,14.55,56.4,1945.1,0.0
site-a,2026-08-10T14:00:00Z,0.9768,143.2982,36.6,9.84,11.09,12.92,53.5,1783.5,0.0
site-a,2026-08-10T15:00:00Z,0.98,148.383,36.76,9.91,11.23,13.48,56.6,1523.9,0.0
site-a,2026-08-10T16:00:00Z,0.9829,131.0051,36.95,9.85,11.19,13.09,55.9,1180.7,0.0
site-a,2026-08-10T17:00:00Z,0.9858,131.5868,35.74,9.89,10.77,13.79,53.2,772.7,0.0
site-a,2026-08-10T18:00:00Z,0.9878,89.5283,34.55,9.67,9.74,15.88,53.1,322.3,0.0
site-a,2026-08-10T19:00:00Z,0.9878,0.0,33.52,9.42,7.15,21.66,53.5,0.0,0.0
site-a,2026-08-10T20:00:00Z,0.9878,0.0,32.73,9.34,6.8,22.27,53.6,0.0,0.0
site-a,2026-08-10T21:00:00Z,0.9878,0.0,30.73,9.34,6.93,22.59,55.3,0.0,0.0
site-a,2026-08-10T22:00:00Z,0.9878,0.0,29.69,9.36,6.96,22.82,53.1,0.0,0.0
site-a,2026-08-10T23:00:00Z,0.9878,0.0,27.7,9.39,7.05,22.81,52.3,0.0,0.0
site-a,2026-08-11T00:00:00Z,0.9878,0.0,27.11,9.31,6.81,22.12,53.7,0.0,0.0
site-a,2026-08-11T01:00:00Z,0.9878,0.0,26.53,9.38,6.68,21.43,51.5,0.0,0.0
site-a,2026-08-11T02:00:00Z,0.9878,0.0,25.9,9.36,6.72,21.29,53.6,0.0,0.0
site-a,2026-08-11T03:00:00Z,0.9878,0.0,24.96,9.31,6.74,21.53,54.3,0.0,0.0
site-a,2026-08-11T04:00:00Z,0.9878,0.0,25.37,9.36,6.61,21.78,54.1,0.0,0.0
site-a,2026-08-11T05:00:00Z,0.9878,0.0,26.36,9.3,6.98,21.55,56.7,0.0,0.0
site-a,2026-08-11T06:00:00Z,0.9896,79.7865,27.45,9.69,9.19,16.67,54.2,316.2,0.0
site-a,2026-08-11T07:00:00Z,0.9919,104.4691,28.26,9.85,11.04,13.94,56.3,768.0,0.0
site-a,2026-08-11T08:00:00Z,0.9943,109.9728,29.68,9.91,11.4,13.83,58.0,1177.4,0.0
site-a,2026-08-11T09:00:00Z,0.9971,125.8906,31.24,9.97,11.53,13.81,54.8,1521.9,0.0
site-a,2026-08-11T10:00:00Z,0.9998,123.2392,32.25,9.89,10.64,13.05,57.7,1782.5,0.0
site-a,2026-08-11T11:00:00Z,1.0024,117.2055,33.88,9.83,10.75,14.17,53.9,1944.9,0.0
site-a,2026-08-11T12:00:00Z,1.005,116.3639,34.72,9.83,10.29,13.8,57.2,2000.0,0.0
site-a,2026-08-11T13:00:00Z,1.0079,132.0933,36.1,9.82,10.63,14.3,53.2,1944.9,0.0
site-a,2026-08-11T14:00:00Z,1.0103,107.5373,36.36,9.85,11.07,11.9,55.0,1782.5,0.0
site-a,2026-08-11T15:00:00Z,1.0133,135.3107,36.26,9.91,11.23,12.73,54.7,1521.9,0.0
site-a,2026-08-11T16:00:00Z,1.0162,130.6877,36.29,9.86,11.06,13.48,52.8,1177.4,0.0
site-a,2026-08-11T17:00:00Z,1.0186,111.9067,35.55,9.84,10.71,13.45,53.7,768.0,0.0
site-a,2026-08-11T18:00:00Z,1.0206,86.9982,34.88,9.72,9.48,15.19,54.6,316.2,0.0
site-a,2026-08-11T19:00:00Z,1.0206,0.0,34.27,9.33,6.99,21.32,53.7,0.0,0.0
site-a,2026-08-11T20:00:00Z,1.0206,0.0,32.47,9.34,6.75,22.14,56.1,0.0,0.0
site-a,2026-08-11T21:00:00Z,1.0206,0.0,30.97,9.32,6.93,21.67,56.3,0.0,0.0
site-a,2026-08-11T22:00:00Z,1.0206,0.0,29.39,9.36,6.99,22.55,56.0,0.0,0.0
site-a,2026-08-11T23:00:00Z,1.0206,0.0,28.11,9.3,6.99,21.93,54.3,0.0,0.0
site-a,2026-08-12T00:00:00Z,1.0206,0.0,27.43,9.35,6.91,22.62,58.3,0.0,0.0
site-a,2026-08-12T01:00:00Z,1.0206,0.0,26.13,9.32,6.59,21.33,59.3,0.0,0.0
site-a,2026-08-12T02:00:00Z,1.0206,0.0,25.43,9.37,6.87,22.39,51.4,0.0,0.0
site-a,2026-08-12T03:00:00Z,1.0206,0.0,25.95,9.35,6.7,22.67,55.5,0.0,0.0
site-a,2026-08-12T04:00:00Z,1.0206,0.0,25.69,9.34,6.83,22.2,55.0,0.0,0.0
site-a,2026-08-12T05:00:00Z,1.0206,0.0,26.15,9.42,7.03,21.35,55.0,0.0,0.0
site-a,2026-08-12T06:00:00Z,1.0221,68.1112,27.22,9.75,9.93,16.02,58.1,310.0,0.0
site-a,2026-08-12T07:00:00Z,1.024,86.2881,27.95,9.9,10.74,13.19,57.0,763.2,0.0
site-a,2026-08-12T08:00:00Z,1.0263,106.5616,29.71,9.9,11.01,12.59,57.5,1174.0,0.0
site-a,2026-08-12T09:00:00Z,1.029,119.3919,30.63,9.92,11.12,11.74,56.9,1519.9,0.0
site-a,2026-08-12T10:00:00Z,1.0316,118.0218,32.53,9.88,11.15,13.82,55.0,1781.6,0.0
site-a,2026-08-12T11:00:00Z,1.034,109.2467,34.22,9.86,10.55,14.25,57.0,1944.6,0.0
site-a,2026-08-12T12:00:00Z,1.0365,115.8199,34.83,9.82,10.69,13.69,55.6,2000.0,0.0
site-a,2026-08-12T13:00:00Z,1.039,109.1032,35.79,9.82,11.03,13.86,56.2,1944.6,0.0
site-a,2026-08-12T14:00:00Z,1.0415,112.8561,35.59,9.86,11.14,12.82,54.3,1781.6,0.0
site-a,2026-08-12T15:00:00Z,1.044,116.8136,36.2,9.89,11.33,12.19,57.5,1519.9,0.0
site-a,2026-08-12T16:00:00Z,1.0467,119.5079,36.09,9.82,11.16,13.56,58.9,1174.0,0.0
site-a,2026-08-12T17:00:00Z,1.0489,101.3157,36.05,9.84,10.76,14.02,58.8,763.2,0.0
site-a,2026-08-12T18:00:00Z,1.0506,78.3655,35.03,9.75,9.66,15.28,56.4,310.0,0.0
site-a,2026-08-12T19:00:00Z,1.0506,0.0,33.32,9.38,6.73,21.72,57.3,0.0,0.0
site-a,2026-08-12T20:00:00Z,1.0506,0.0,32.2,9.33,7.22,22.06,54.6,0.0,0.0
site-a,2026-08-12T21:00:00Z,1.0506,0.0,30.44,9.34,6.65,21.69,57.0,0.0,0.0
site-a,2026-08-12T22:00:00Z,1.0506,0.0,29.76,9.36,6.68,22.94,54.3,0.0,0.0
site-a,2026-08-12T23:00:00Z,1.0506,0.0,28.3,9.33,7.02,21.05,57.3,0.0,0.0
site-a,2026-08-13T00:00:00Z,1.0506,0.0,26.89,9.31,6.71,21.42,57.5,0.0,0.0
site-a,2026-08-13T01:00:00Z,1.0506,0.0,26.19,9.36,6.79,21.65,55.8,0.0,0.0
site-a,2026-08-13T02:00:00Z,1.0506,0.0,25.47,9.36,6.65,21.68,54.9,0.0,0.0
site-a,2026-08-13T03:00:00Z,1.0506,0.0,25.89,9.29,6.66,22.8,58.0,0.0,0.0
site-a,2026-08-13T04:00:00Z,1.0506,0.0,26.01,9.37,6.81,20.73,56.9,0.0,0.0
site-a,2026-08-13T05:00:00Z,1.0506,0.0,26.44,9.29,7.06,22.13,58.8,0.0,0.0
site-a,2026-08-13T06:00:00Z,1.0519,56.2731,27.25,9.75,9.65,16.33,57.0,303.8,0.0
site-a,2026-08-13T07:00:00Z,1.0538,86.1973,28.4,9.81,10.61,14.07,57.8,758.3,0.0
site-a,2026-08-13T08:00:00Z,1.0559,95.768,29.09,9.81,10.82,12.71,55.4,1170.6,0.0
site-a,2026-08-13T09:00:00Z,0.6877,92.282,30.35,9.88,11.65,12.31,44.3,1517.8,0.3703
site-a,2026-08-13T10:00:00Z,0.692,195.7645,32.21,9.89,11.09,13.73,43.0,1780.6,0.0
site-a,2026-08-13T11:00:00Z,0.6964,200.7961,33.9,9.86,10.81,13.27,43.7,1944.4,0.0
site-a,2026-08-13T12:00:00Z,0.7003,174.5557,34.89,9.78,10.26,14.0,44.9,2000.0,0.0
site-a,2026-08-13T13:00:00Z,0.7041,172.7307,35.77,9.83,10.68,12.99,43.3,1944.4,0.0
site-a,2026-08-13T14:00:00Z,0.7084,196.2778,35.98,9.83,10.91,12.84,43.2,1780.6,0.0
site-a,2026-08-13T15:00:00Z,0.7133,221.8541,36.4,9.94,11.05,12.88,44.6,1517.8,0.0
site-a,2026-08-13T16:00:00Z,0.7176,192.2078,36.5,9.91,11.05,13.59,40.5,1170.6,0.0
site-a,2026-08-13T17:00:00Z,0.7217,186.7295,36.06,9.84,10.63,14.15,44.8,758.3,0.0
site-a,2026-08-13T18:00:00Z,0.7245,127.6766,35.09,9.77,9.62,15.57,42.9,303.8,0.0
site-a,2026-08-13T19:00:00Z,0.7245,0.0,33.66,9.37,6.75,22.21,47.2,0.0,0.0
site-a,2026-08-13T20:00:00Z,0.7245,0.0,32.49,9.37,6.89,22.22,44.5,0.0,0.0
site-a,2026-08-13T21:00:00Z,0.7245,0.0,31.34,9.32,6.59,21.52,44.1,0.0,0.0
site-a,2026-08-13T22:00:00Z,0.7245,0.0,29.86,9.37,7.02,21.61,42.4,0.0,0.0
site-a,2026-08-13T23:00:00Z,0.7245,0.0,28.65,9.35,7.13,22.3,46.4,0.0,0.0
site-a,2026-08-14T00:00:00Z,0.7245,0.0,26.89,9.33,7.06,21.71,44.5,0.0,0.0
site-a,2026-08-14T01:00:00Z,0.7245,0.0,26.53,9.37,6.55,22.46,43.9,0.0,0.0
site-a,2026-08-14T02:00:00Z,0.7245,0.0,25.76,9.39,6.7,21.81,43.8,0.0,0.0
site-a,2026-08-14T03:00:00Z,0.7245,0.0,25.3,9.37,6.68,22.1,45.1,0.0,0.0
site-a,2026-08-14T04:00:00Z,0.7245,0.0,25.47,9.31,6.71,21.83,47.2,0.0,0.0
site-a,2026-08-14T05:00:00Z,0.7245,0.0,26.41,9.31,6.92,21.61,46.2,0.0,0.0
site-a,2026-08-14T06:00:00Z,0.7269,107.2361,27.37,9.71,9.73,16.11,44.8,297.4,0.0
site-a,2026-08-14T07:00:00Z,0.7299,135.4205,27.91,9.79,10.39,13.63,46.5,753.3,0.0
site-a,2026-08-14T08:00:00Z,0.734,184.0324,30.05,9.89,11.16,12.67,41.3,1167.1,0.0
site-a,2026-08-14T09:00:00Z,0.738,183.0648,31.26,9.91,11.22,12.91,44.5,1515.7,0.0
site-a,2026-08-14T10:00:00Z,0.7424,197.103,32.46,9.86,10.9,13.36,42.4,1779.6,0.0
site-a,2026-08-14T11:00:00Z,0.7463,177.1142,33.77,9.87,10.78,13.2,48.6,1944.1,0.0
site-a,2026-08-14T12:00:00Z,0.75,166.1843,35.17,9.78,10.5,14.07,44.7,2000.0,0.0
site-a,2026-08-14T13:00:00Z,0.754,181.2552,36.19,9.84,10.88,13.03,46.2,1944.1,0.0
site-a,2026-08-14T14:00:00Z,0.758,181.969,36.58,9.87,11.12,13.19,46.1,1779.6,0.0
site-a,2026-08-14T15:00:00Z,0.7625,206.1895,36.31,9.9,11.53,13.41,46.2,1515.7,0.0
site-a,2026-08-14T16:00:00Z,0.7667,189.3568,36.23,9.91,10.97,12.78,47.0,1167.1,0.0
site-a,2026-08-14T17:00:00Z,0.7706,174.5418,36.2,9.87,10.7,14.06,47.2,753.3,0.0
site-a,2026-08-14T18:00:00Z,0.7735,131.4269,34.73,9.7,9.62,16.13,45.0,297.4,0.0
site-a,2026-08-14T19:00:00Z,0.7735,0.0,33.83,9.36,6.87,21.38,45.7,0.0,0.0
site-a,2026-08-14T20:00:00Z,0.7735,0.0,32.45,9.35,6.99,21.58,45.5,0.0,0.0
site-a,2026-08-14T21:00:00Z,0.7735,0.0,30.96,9.34,6.69,22.51,45.7,0.0,0.0
site-a,2026-08-14T22:00:00Z,0.7735,0.0,29.62,9.3,6.95,21.76,47.2,0.0,0.0
site-a,2026-08-14T23:00:00Z,0.7735,0.0,27.87,9.31,6.66,21.9,47.1,0.0,0.0
site-a,2026-08-15T00:00:00Z,0.7735,0.0,27.19,9.32,6.74,22.17,45.6,0.0,0.0
site-a,2026-08-15T01:00:00Z,0.7735,0.0,25.97,9.36,7.05,21.76,44.2,0.0,0.0
site-a,2026-08-15T02:00:00Z,0.7735,0.0,25.86,9.32,6.78,22.96,46.4,0.0,0.0
site-a,2026-08-15T03:00:00Z,0.7735,0.0,25.66,9.41,6.45,21.78,44.0,0.0,0.0
site-a,2026-08-15T04:00:00Z,0.7735,0.0,25.03,9.37,6.81,22.22,48.0,0.0,0.0
site-a,2026-08-15T05:00:00Z,0.7735,0.0,26.66,9.4,6.7,22.18,45.0,0.0,0.0
site-a,2026-08-15T06:00:00Z,0.7756,94.9019,27.13,9.67,9.5,15.97,46.4,290.9,0.0
site-a,2026-08-15T07:00:00Z,0.7788,144.5377,28.13,9.85,10.8,13.72,45.6,748.3,0.0
site-a,2026-08-15T08:00:00Z,0.7825,168.9093,29.37,9.86,11.15,12.91,46.4,1163.6,0.0
site-a,2026-08-15T09:00:00Z,0.7867,187.8268,31.09,9.89,11.28,12.76,46.9,1513.6,0.0
site-a,2026-08-15T10:00:00Z,0.7908,185.3573,32.69,9.89,10.97,13.92,48.0,1778.6,0.0
site-a,2026-08-15T11:00:00Z,0.7943,160.1935,33.71,9.81,10.83,13.36,46.0,1943.9,0.0
site-a,2026-08-15T12:00:00Z,0.7979,162.4894,35.27,9.79,10.64,14.32,47.3,2000.0,0.0
site-a,2026-08-15T13:00:00Z,0.8016,168.2396,35.81,9.83,10.78,12.8,44.5,1943.9,0.0
site-a,2026-08-15T14:00:00Z,0.8054,172.358,36.06,9.86,11.02,13.7,42.8,1778.6,0.0
site-a,2026-08-15T15:00:00Z,0.81,207.6884,36.48,9.91,11.43,12.58,47.8,1513.6,0.0
site-a,2026-08-15T16:00:00Z,0.8141,183.988,36.15,9.87,10.96,13.0,46.2,1163.6,0.0
site-a,2026-08-15T17:00:00Z,0.8177,161.727,35.59,9.81,10.63,14.14,49.0,748.3,0.0
site-a,2026-08-15T18:00:00Z,0.8203,121.4693,34.72,9.71,9.37,16.38,49.4,290.9,0.0
site-a,2026-08-15T19:00:00Z,0.8203,0.0,33.71,9.37,6.88,21.85,47.0,0.0,0.0
site-a,2026-08-15T20:00:00Z,0.8203,0.0,31.77,9.34,6.96,22.07,48.8,0.0,0.0
site-a,2026-08-15T21:00:00Z,0.8203,0.0,31.09,9.31,6.25,21.56,47.4,0.0,0.0
site-a,2026-08-15T22:00:00Z,0.8203,0.0,29.47,9.32,6.96,21.72,45.9,0.0,0.0
site-a,2026-08-15T23:00:00Z,0.8203,0.0,28.18,9.33,6.66,21.72,49.9,0.0,0.0
site-a,2026-08-16T00:00:00Z,0.8203,0.0,26.98,9.35,6.8,22.06,47.2,0.0,0.0
site-a,2026-08-16T01:00:00Z,0.8203,0.0,25.99,9.37,6.8,22.04,49.9,0.0,0.0
site-a,2026-08-16T02:00:00Z,0.8203,0.0,25.87,9.37,6.88,22.21,51.5,0.0,0.0
site-a,2026-08-16T03:00:00Z,0.8203,0.0,25.89,9.38,7.09,22.3,49.3,0.0,0.0
site-a,2026-08-16T04:00:00Z,0.8203,0.0,26.2,9.35,7.18,21.82,47.6,0.0,0.0
site-a,2026-08-16T05:00:00Z,0.8203,0.0,26.39,9.3,7.03,21.29,48.3,0.0,0.0
site-a,2026-08-16T06:00:00Z,0.8222,83.0661,26.74,9.71,9.92,16.42,51.5,284.4,0.0
site-a,2026-08-16T07:00:00Z,0.8252,137.8003,28.14,9.9,10.9,13.97,49.3,743.1,0.0
site-a,2026-08-16T08:00:00Z,0.8284,145.4475,29.02,9.88,10.91,12.66,51.1,1160.0,0.0
site-a,2026-08-16T09:00:00Z,0.8324,177.5913,30.75,9.97,11.22,12.89,48.3,1511.4,0.0
site-a,2026-08-16T10:00:00Z,0.8358,156.9273,32.55,9.93,10.83,13.82,47.2,1777.6,0.0
site-a,2026-08-16T11:00:00Z,0.8392,154.3343,33.89,9.79,10.15,14.17,47.8,1943.6,0.0
site-a,2026-08-16T12:00:00Z,0.8424,144.3087,35.1,9.83,10.94,14.23,49.7,2000.0,0.0
site-a,2026-08-16T13:00:00Z,0.8461,167.8477,35.96,9.82,10.53,14.39,47.9,1943.6,0.0
site-a,2026-08-16T14:00:00Z,0.8498,165.2605,36.65,9.85,11.16,13.08,48.7,1777.6,0.0
site-a,2026-08-16T15:00:00Z,0.8535,169.3155,36.35,9.9,11.21,13.64,46.0,1511.4,0.0
site-a,2026-08-16T16:00:00Z,0.8573,172.2449,35.93,9.88,10.81,12.62,49.7,1160.0,0.0
site-a,2026-08-16T17:00:00Z,0.8608,155.9101,35.75,9.86,10.42,14.07,50.5,743.1,0.0
site-a,2026-08-16T18:00:00Z,0.8632,108.8151,34.69,9.7,9.18,17.13,51.0,284.4,0.0
site-a,2026-08-16T19:00:00Z,0.8632,0.0,34.16,9.3,6.62,21.72,48.0,0.0,0.0
site-a,2026-08-16T20:00:00Z,0.8632,0.0,32.25,9.37,6.66,22.82,50.1,0.0,0.0
site-a,2026-08-16T21:00:00Z,0.8632,0.0,30.73,9.32,6.71,21.64,49.2,0.0,0.0
site-a,2026-08-16T22:00:00Z,0.8632,0.0,29.92,9.36,6.9,22.05,50.0,0.0,0.0
site-a,2026-08-16T23:00:00Z,0.8632,0.0,28.36,9.35,6.5,23.19,48.3,0.0,0.0
site-a,2026-08-17T00:00:00Z,0.8632,0.0,27.22,9.39,6.9,22.56,47.2,0.0,0.0
site-a,2026-08-17T01:00:00Z,0.8632,0.0,25.86,9.36,7.08,22.24,50.4,0.0,0.0
site-a,2026-08-17T02:00:00Z,0.8632,0.0,25.52,9.4,7.03,22.01,47.5,0.0,0.0
site-a,2026-08-17T03:00:00Z,0.8632,0.0,25.17,9.31,6.84,21.73,50.4,0.0,0.0
site-a,2026-08-17T04:00:00Z,0.8632,0.0,25.88,9.37,7.08,22.61,52.1,0.0,0.0
site-a,2026-08-17T05:00:00Z,0.8632,0.0,26.76,9.38,7.22,22.32,47.7,0.0,0.0
site-a,2026-08-17T06:00:00Z,0.8653,94.682,27.24,9.72,9.53,16.16,47.4,277.7,0.0
site-a,2026-08-17T07:00:00Z,0.8682,133.3804,28.48,9.89,10.72,13.43,52.7,737.9,0.0
site-a,2026-08-17T08:00:00Z,0.8716,153.4142,29.21,9.83,11.29,12.0,48.5,1156.3,0.0
site-a,2026-08-17T09:00:00Z,0.8752,164.1363,31.14,9.94,11.21,12.08,48.8,1509.2,0.0
site-a,2026-08-17T10:00:00Z,0.8787,154.4744,32.54,9.81,11.06,12.63,50.6,1776.6,0.0
site-a,2026-08-17T11:00:00Z,0.8819,147.4707,33.78,9.83,10.94,12.86,50.5,1943.3,0.0
site-a,2026-08-17T12:00:00Z,0.8849,136.8046,34.8,9.83,10.51,13.93,51.3,2000.0,0.0
site-a,2026-08-17T13:00:00Z,0.8884,156.491,35.91,9.87,10.68,14.15,52.8,1943.3,0.0
site-a,2026-08-17T14:00:00Z,0.8918,153.9356,36.14,9.87,10.84,12.44,50.2,1776.6,0.0
site-a,2026-08-17T15:00:00Z,0.8954,161.3921,36.47,9.9,10.95,11.86,52.3,1509.2,0.0
site-a,2026-08-17T16:00:00Z,0.8988,155.8459,36.31,9.89,10.89,13.35,52.2,1156.3,0.0
site-a,2026-08-17T17:00:00Z,0.9019,139.2882,35.73,9.83,10.58,14.18,53.4,737.9,0.0
site-a,2026-08-17T18:00:00Z,0.9041,98.6254,34.65,9.69,9.67,16.03,51.1,277.7,0.0
site-a,2026-08-17T19:00:00Z,0.9041,0.0,33.49,9.33,7.12,21.99,52.4,0.0,0.0
site-a,2026-08-17T20:00:00Z,0.9041,0.0,32.2,9.35,6.97,21.89,49.6,0.0,0.0
site-a,2026-08-17T21:00:00Z,0.9041,0.0,31.07,9.37,6.24,21.23,49.3,0.0,0.0
site-a,2026-08-17T22:00:00Z,0.9041,0.0,29.5,9.38,6.88,22.83,49.1,0.0,0.0
site-a,2026-08-17T23:00:00Z,0.9041,0.0,28.21,9.31,6.74,22.1,50.1,0.0,0.0
site-a,2026-08-18T00:00:00Z,0.9041,0.0,27.42,9.39,6.89,21.6,51.7,0.0,0.0
site-a,2026-08-18T01:00:00Z,0.9041,0.0,26.47,9.32,6.8,22.36,49.0,0.0,0.0
site-a,2026-08-18T02:00:00Z,0.9041,0.0,25.23,9.33,6.63,22.74,50.5,0.0,0.0
site-a,2026-08-18T03:00:00Z,0.9041,0.0,25.42,9.37,6.89,21.95,51.4,0.0,0.0
site-a,2026-08-18T04:00:00Z,0.9041,0.0,25.84,9.33,6.91,22.34,51.7,0.0,0.0
site-a,2026-08-18T05:00:00Z,0.9041,0.0,26.33,9.34,6.82,21.24,50.1,0.0,0.0
site-a,2026-08-18T06:00:00Z,0.9057,75.6392,26.68,9.71,9.67,16.5,51.7,271.0,0.0
site-a,2026-08-18T07:00:00Z,0.9084,121.584,28.66,9.87,10.63,13.67,51.5,732.7,0.0
site-a,2026-08-18T08:00:00Z,0.9114,134.9593,29.65,9.9,11.26,13.86,51.6,1152.6,0.0
site-a,2026-08-18T09:00:00Z,0.9147,148.8323,30.88,9.91,11.03,13.21,50.0,1507.0,0.0
site-a,2026-08-18T10:00:00Z,0.9179,143.2421,32.29,9.89,11.01,12.94,51.9,1775.6,0.0
site-a,2026-08-18T11:00:00Z,0.9209,135.9034,33.91,9.85,10.49,13.56,52.0,1943.1,0.0
site-a,2026-08-18T12:00:00Z,0.9238,133.274,34.7,9.82,10.66,14.37,53.2,2000.0,0.0
site-a,2026-08-18T13:00:00Z,0.9272,152.6497,36.12,9.85,10.73,14.06,49.3,1943.1,0.0
site-a,2026-08-18T14:00:00Z,0.9307,158.8621,36.08,9.88,11.07,13.32,53.0,1775.6,0.0
site-a,2026-08-18T15:00:00Z,0.9341,154.942,36.19,9.89,11.43,12.35,53.7,1507.0,0.0
site-a,2026-08-18T16:00:00Z,0.9375,153.367,36.64,9.89,11.21,12.23,52.2,1152.6,0.0
site-a,2026-08-18T17:00:00Z,0.9405,133.9977,35.68,9.8,10.9,13.58,51.4,732.7,0.0
site-a,2026-08-18T18:00:00Z,0.9424,87.1846,35.12,9.68,9.45,16.2,54.1,271.0,0.0
site-a,2026-08-18T19:00:00Z,0.9424,0.0,33.79,9.37,6.62,21.47,54.0,0.0,0.0
site-a,2026-08-18T20:00:00Z,0.9424,0.0,32.47,9.31,7.17,21.74,50.0,0.0,0.0
site-a,2026-08-18T21:00:00Z,0.9424,0.0,31.11,9.37,6.77,22.69,53.6,0.0,0.0
site-a,2026-08-18T22:00:00Z,0.9424,0.0,29.33,9.35,7.0,21.07,51.6,0.0,0.0
site-a,2026-08-18T23:00:00Z,0.9424,0.0,28.06,9.35,6.78,22.04,54.4,0.0,0.0
site-a,2026-08-19T00:00:00Z,0.9424,0.0,26.96,9.4,6.81,21.19,53.1,0.0,0.0
site-a,2026-08-19T01:00:00Z,0.9424,0.0,25.98,9.33,6.89,22.15,50.1,0.0,0.0
site-a,2026-08-19T02:00:00Z,0.9424,0.0,25.94,9.37,6.62,21.99,52.2,0.0,0.0
site-a,2026-08-19T03:00:00Z,0.9424,0.0,25.1,9.35,6.9,22.63,52.9,0.0,0.0
site-a,2026-08-19T04:00:00Z,0.9424,0.0,25.54,9.34,6.85,22.04,50.0,0.0,0.0
site-a,2026-08-19T05:00:00Z,0.9424,0.0,26.42,9.37,6.77,22.29,49.4,0.0,0.0
site-a,2026-08-19T06:00:00Z,0.9439,68.1475,27.15,9.64,9.58,16.7,51.9,264.2,0.0
site-a,2026-08-19T07:00:00Z,0.9464,110.9286,28.44,9.82,10.67,14.39,53.4,727.3,0.0
site-a,2026-08-19T08:00:00Z,0.9491,122.8708,29.7,9.86,10.71,12.17,53.4,1148.9,0.0
site-a,2026-08-19T09:00:00Z,0.952,132.6836,30.59,9.92,11.34,12.95,51.8,1504.7,0.0
site-a,2026-08-19T10:00:00Z,0.9552,143.3625,32.24,9.85,10.79,13.29,51.7,1774.5,0.0
site-a,2026-08-19T11:00:00Z,0.9579,121.9159,33.87,9.86,10.61,13.84,55.0,1942.8,0.0
site-a,2026-08-19T12:00:00Z,0.9606,125.973,34.78,9.81,10.96,13.87,52.7,2000.0,0.0
site-a,2026-08-19T13:00:00Z,0.9632,115.7458,35.87,9.81,10.5,13.57,53.7,1942.8,0.0
site-a,2026-08-19T14:00:00Z,0.9664,142.7339,36.39,9.9,10.78,13.8,51.9,1774.5,0.0
site-a,2026-08-19T15:00:00Z,0.9693,134.6822,36.82,9.9,11.2,12.33,54.3,1504.7,0.0
site-a,2026-08-19T16:00:00Z,0.9728,156.8572,36.01,9.87,11.32,12.69,55.6,1148.9,0.0
site-a,2026-08-19T17:00:00Z,0.9757,129.1899,35.78,9.79,10.56,14.07,52.2,727.3,0.0
site-a,2026-08-19T18:00:00Z,0.9776,87.2093,34.78,9.71,9.61,16.92,54.1,264.2,0.0
site-a,2026-08-19T19:00:00Z,0.9776,0.0,33.66,9.35,6.89,22.08,54.2,0.0,0.0
site-a,2026-08-19T20:00:00Z,0.9776,0.0,32.14,9.36,6.73,21.89,53.8,0.0,0.0
site-a,2026-08-19T21:00:00Z,0.9776,0.0,31.42,9.38,6.97,21.73,55.4,0.0,0.0
site-a,2026-08-19T22:00:00Z,0.9776,0.0,29.05,9.32,6.7,22.5,54.6,0.0,0.0
site-a,2026-08-19T23:00:00Z,0.9776,0.0,28.54,9.35,6.91,22.26,53.6,0.0,0.0
site-a,2026-08-20T00:00:00Z,0.9776,0.0,27.11,9.31,6.88,22.07,52.0,0.0,0.0
site-a,2026-08-20T01:00:00Z,0.9776,0.0,26.07,9.3,6.97,21.78,52.3,0.0,0.0
site-a,2026-08-20T02:00:00Z,0.9776,0.0,25.89,9.34,6.49,22.16,52.9,0.0,0.0
site-a,2026-08-20T03:00:00Z,0.9776,0.0,25.55,9.34,6.83,21.83,55.2,0.0,0.0
site-a,2026-08-20T04:00:00Z,0.9776,0.0,25.29,9.34,7.07,21.78,52.8,0.0,0.0
site-a,2026-08-20T05:00:00Z,0.9776,0.0,26.45,9.38,6.94,22.24,52.5,0.0,0.0
site-a,2026-08-20T06:00:00Z,0.9791,67.2789,27.15,9.67,9.4,15.69,54.4,257.3,0.0
site-a,2026-08-20T07:00:00Z,0.9813,103.0675,28.39,9.82,10.73,13.58,53.3,721.9,0.0
site-a,2026-08-20T08:00:00Z,0.9839,117.0208,29.33,9.85,10.88,13.09,57.0,1145.1,0.0
site-a,2026-08-20T09:00:00Z,0.9869,135.6142,31.13,9.9,11.43,12.61,54.8,1502.4,0.0
site-a,2026-08-20T10:00:00Z,0.9897,127.4854,32.4,9.87,10.68,12.78,53.9,1773.4,0.0
site-a,2026-08-20T11:00:00Z,0.9923,116.429,34.08,9.83,10.78,12.51,53.6,1942.5,0.0
site-a,2026-08-20T12:00:00Z,0.9948,112.9583,35.11,9.88,10.53,13.88,55.3,2000.0,0.0
site-a,2026-08-20T13:00:00Z,0.9976,128.0592,35.4,9.78,10.39,14.06,54.2,1942.5,0.0
site-a,2026-08-20T14:00:00Z,1.0005,129.9275,36.31,9.92,10.79,13.46,54.6,1773.4,0.0
site-a,2026-08-20T15:00:00Z,1.0032,123.3458,36.5,9.99,11.19,12.17,56.8,1502.4,0.0
site-a,2026-08-20T16:00:00Z,1.006,123.8684,36.14,9.89,11.3,12.32,54.1,1145.1,0.0
site-a,2026-08-20T17:00:00Z,1.0086,118.0537,36.38,9.86,10.98,13.83,55.2,721.9,0.0
site-a,2026-08-20T18:00:00Z,1.0104,81.14,34.9,9.68,9.51,17.43,52.7,257.3,0.0
site-a,2026-08-20T19:00:00Z,1.0104,0.0,33.48,9.28,6.77,21.49,55.6,0.0,0.0
site-a,2026-08-20T20:00:00Z,1.0104,0.0,32.1,9.38,6.82,22.79,52.4,0.0,0.0
site-a,2026-08-20T21:00:00Z,1.0104,0.0,31.01,9.34,6.66,22.14,52.1,0.0,0.0
site-a,2026-08-20T22:00:00Z,1.0104,0.0,29.11,9.32,6.87,21.27,55.8,0.0,0.0
site-a,2026-08-20T23:00:00Z,1.0104,0.0,28.45,9.34,6.59,22.33,56.0,0.0,0.0
site-a,2026-08-21T00:00:00Z,1.0104,0.0,27.1,9.34,6.8,22.24,53.6,0.0,0.0
site-a,2026-08-21T01:00:00Z,1.0104,0.0,26.37,9.34,6.71,20.76,54.5,0.0,0.0
site-a,2026-08-21T02:00:00Z,1.0104,0.0,25.51,9.41,6.74,22.11,58.5,0.0,0.0
site-a,2026-08-21T03:00:00Z,1.0104,0.0,25.48,9.34,6.67,22.11,54.3,0.0,0.0
site-a,2026-08-21T04:00:00Z,1.0104,0.0,25.59,9.44,6.84,22.09,55.3,0.0,0.0
site-a,2026-08-21T05:00:00Z,1.0104,0.0,26.08,9.35,6.8,21.85,55.6,0.0,0.0
site-a,2026-08-21T06:00:00Z,1.0117,59.3385,27.02,9.68,9.41,15.83,53.2,250.3,0.0
site-a,2026-08-21T07:00:00Z,1.0138,96.2587,28.68,9.85,10.61,15.46,54.0,716.4,0.0
site-a,2026-08-21T08:00:00Z,1.0164,116.0313,29.66,9.93,11.28,12.95,54.4,1141.2,0.0
site-a,2026-08-21T09:00:00Z,1.0191,123.2895,31.37,9.95,11.17,12.56,56.8,1500.1,0.0
site-a,2026-08-21T10:00:00Z,1.0217,118.0027,32.68,9.88,11.2,12.64,55.7,1772.3,0.0
site-a,2026-08-21T11:00:00Z,1.024,104.7393,33.78,9.87,10.78,13.42,55.5,1942.3,0.0
site-a,2026-08-21T12:00:00Z,1.0264,105.6682,34.81,9.83,10.67,13.89,56.5,2000.0,0.0
site-a,2026-08-21T13:00:00Z,1.0288,108.5706,35.63,9.86,10.61,13.63,55.6,1942.3,0.0
site-a,2026-08-21T14:00:00Z,1.0313,114.1443,36.3,9.95,10.79,12.63,56.9,1772.3,0.0
site-a,2026-08-21T15:00:00Z,1.0343,133.9481,36.7,9.89,11.13,12.9,53.8,1500.1,0.0
site-a,2026-08-21T16:00:00Z,1.0369,117.6342,36.34,9.87,11.12,13.02,56.2,1141.2,0.0
site-a,2026-08-21T17:00:00Z,1.0391,100.8749,35.77,9.8,10.73,14.02,55.3,716.4,0.0
site-a,2026-08-21T18:00:00Z,1.0406,68.0706,34.82,9.66,9.42,16.7,56.4,250.3,0.0
site-a,2026-08-21T19:00:00Z,1.0406,0.0,33.95,9.32,7.1,23.27,57.4,0.0,0.0
site-a,2026-08-21T20:00:00Z,1.0406,0.0,32.64,9.28,7.04,22.49,55.6,0.0,0.0
site-a,2026-08-21T21:00:00Z,1.0406,0.0,31.06,9.34,6.95,21.19,57.1,0.0,0.0
site-a,2026-08-21T22:00:00Z,1.0406,0.0,29.82,9.4,6.7,21.83,56.0,0.0,0.0
site-a,2026-08-21T23:00:00Z,1.0406,0.0,27.89,9.32,6.84,22.64,59.4,0.0,0.0
site-a,2026-08-22T00:00:00Z,1.0406,0.0,26.77,9.38,6.65,21.4,58.0,0.0,0.0
site-a,2026-08-22T01:00:00Z,1.0406,0.0,26.45,9.35,6.78,21.82,55.6,0.0,0.0
site-a,2026-08-22T02:00:00Z,1.0406,0.0,25.69,9.33,7.22,22.04,59.3,0.0,0.0
site-a,2026-08-22T03:00:00Z,1.0406,0.0,25.5,9.37,6.85,21.94,58.2,0.0,0.0
site-a,2026-08-22T04:00:00Z,1.0406,0.0,25.78,9.37,6.9,22.24,60.0,0.0,0.0
site-a,2026-08-22T05:00:00Z,1.0406,0.0,26.48,9.34,6.86,22.2,56.4,0.0,0.0
site-a,2026-08-22T06:00:00Z,1.0417,52.3655,27.02,9.68,9.52,16.98,57.6,243.2,0.0
site-a,2026-08-22T07:00:00Z,1.0438,91.802,28.35,9.84,10.5,13.67,56.1,710.9,0.0
site-a,2026-08-22T08:00:00Z,1.0462,108.4129,29.53,9.87,11.22,12.93,56.6,1137.3,0.0
site-a,2026-08-22T09:00:00Z,1.0488,118.5305,31.18,9.93,11.13,12.14,55.1,1497.7,0.0
site-a,2026-08-22T10:00:00Z,0.6833,107.3303,31.86,9.88,10.86,13.65,43.4,1771.2,0.3679
site-a,2026-08-22T11:00:00Z,0.6874,186.5192,33.04,9.81,10.89,14.05,44.2,1942.0,0.0
site-a,2026-08-22T12:00:00Z,0.6916,190.9218,34.75,9.87,10.52,14.13,44.7,2000.0,0.0
site-a,2026-08-22T13:00:00Z,0.6958,189.078,36.2,9.87,10.52,13.45,42.7,1942.0,0.0
site-a,2026-08-22T14:00:00Z,0.7002,199.3559,36.06,9.87,10.74,12.6,40.2,1771.2,0.0
site-a,2026-08-22T15:00:00Z,0.7047,203.5582,36.66,9.94,11.31,12.92,43.6,1497.7,0.0
site-a,2026-08-22T16:00:00Z,0.7089,192.5458,36.41,9.84,11.06,13.22,42.9,1137.3,0.0
site-a,2026-08-22T17:00:00Z,0.7133,198.1454,35.72,9.85,10.41,13.91,43.3,710.9,0.0
site-a,2026-08-22T18:00:00Z,0.7161,127.7779,34.59,9.67,9.01,16.86,42.2,243.2,0.0
site-a,2026-08-22T19:00:00Z,0.7161,0.0,33.72,9.35,6.77,22.31,44.9,0.0,0.0
site-a,2026-08-22T20:00:00Z,0.7161,0.0,32.46,9.32,6.85,21.06,42.8,0.0,0.0
site-a,2026-08-22T21:00:00Z,0.7161,0.0,31.36,9.33,6.99,20.96,45.2,0.0,0.0
site-a,2026-08-22T22:00:00Z,0.7161,0.0,29.42,9.35,6.68,21.76,43.3,0.0,0.0
site-a,2026-08-22T23:00:00Z,0.7161,0.0,28.36,9.3,7.01,22.46,44.2,0.0,0.0
site-a,2026-08-23T00:00:00Z,0.7161,0.0,27.62,9.32,6.85,21.64,46.5,0.0,0.0
site-a,2026-08-23T01:00:00Z,0.7161,0.0,26.29,9.37,6.69,21.82,43.9,0.0,0.0
site-a,2026-08-23T02:00:00Z,0.7161,0.0,25.55,9.34,6.9,21.68,43.9,0.0,0.0
site-a,2026-08-23T03:00:00Z,0.7161,0.0,25.34,9.34,6.82,21.81,43.4,0.0,0.0
site-a,2026-08-23T04:00:00Z,0.7161,0.0,25.67,9.38,6.76,22.15,42.5,0.0,0.0
site-a,2026-08-23T05:00:00Z,0.7161,0.0,26.21,9.32,7.03,21.97,46.7,0.0,0.0
site-a,2026-08-23T06:00:00Z,0.7181,90.3911,27.19,9.69,9.36,16.34,43.1,236.0,0.0
site-a,2026-08-23T07:00:00Z,0.7215,152.9227,28.25,9.84,10.72,13.92,47.0,705.2,0.0
site-a,2026-08-23T08:00:00Z,0.7256,185.0421,29.93,9.87,11.04,12.63,44.6,1133.3,0.0
site-a,2026-08-23T09:00:00Z,0.7299,195.7669,30.68,9.96,11.13,12.64,46.3,1495.3,0.0
site-a,2026-08-23T10:00:00Z,0.7341,187.5994,32.32,9.91,11.07,13.13,42.1,1770.1,0.0
site-a,2026-08-23T11:00:00Z,0.7381,180.6856,34.02,9.85,10.81,13.38,44.5,1941.7,0.0
site-a,2026-08-23T12:00:00Z,0.7417,164.1762,34.86,9.85,10.57,14.97,44.7,2000.0,0.0
site-a,2026-08-23T13:00:00Z,0.7457,181.2958,35.84,9.84,10.59,14.65,45.9,1941.7,0.0
site-a,2026-08-23T14:00:00Z,0.7498,187.1613,36.5,9.84,11.01,13.42,44.8,1770.1,0.0
site-a,2026-08-23T15:00:00Z,0.7541,193.5032,36.64,9.94,11.11,12.42,45.3,1495.3,0.0
site-a,2026-08-23T16:00:00Z,0.7583,188.8567,36.31,9.82,11.37,12.37,45.4,1133.3,0.0
site-a,2026-08-23T17:00:00Z,0.762,166.4434,35.49,9.84,10.45,14.96,44.6,705.2,0.0
site-a,2026-08-23T18:00:00Z,0.7646,119.469,35.11,9.67,8.91,16.59,44.8,236.0,0.0
site-a,2026-08-23T19:00:00Z,0.7646,0.0,33.96,9.36,6.86,21.88,45.4,0.0,0.0
site-a,2026-08-23T20:00:00Z,0.7646,0.0,32.91,9.36,6.8,21.61,45.2,0.0,0.0
site-a,2026-08-23T21:00:00Z,0.7646,0.0,30.93,9.32,6.91,22.75,46.1,0.0,0.0
site-a,2026-08-23T22:00:00Z,0.7646,0.0,29.94,9.35,7.06,22.19,46.2,0.0,0.0
site-a,2026-08-23T23:00:00Z,0.7646,0.0,28.62,9.38,6.95,22.29,45.3,0.0,0.0
site-a,2026-08-24T00:00:00Z,0.7646,0.0,26.96,9.35,6.69,21.83,44.7,0.0,0.0
site-a,2026-08-24T01:00:00Z,0.7646,0.0,26.4,9.35,6.69,21.93,45.0,0.0,0.0
site-a,2026-08-24T02:00:00Z,0.7646,0.0,25.49,9.39,6.78,21.72,45.3,0.0,0.0
site-a,2026-08-24T03:00:00Z,0.7646,0.0,25.77,9.39,6.88,21.6,48.0,0.0,0.0
site-a,2026-08-24T04:00:00Z,0.7646,0.0,25.65,9.33,6.91,21.85,44.8,0.0,0.0
site-a,2026-08-24T05:00:00Z,0.7646,0.0,26.64,9.36,6.76,21.29,45.9,0.0,0.0
site-a,2026-08-24T06:00:00Z,0.7666,88.3113,27.5,9.63,9.08,16.35,44.7,228.7,0.0
site-a,2026-08-24T07:00:00Z,0.7696,139.0026,27.88,9.81,10.94,14.58,44.8,699.5,0.0
site-a,2026-08-24T08:00:00Z,0.7735,176.3313,29.41,9.88,10.95,12.32,45.3,1129.3,0.0
site-a,2026-08-24T09:00:00Z,0.7776,184.8634,30.84,9.83,11.37,12.0,46.0,1492.9,0.0
site-a,2026-08-24T10:00:00Z,0.7812,164.5989,32.08,9.9,10.94,11.98,45.6,1769.0,0.0
site-a,2026-08-24T11:00:00Z,0.7852,179.1343,33.7,9.84,10.54,14.15,46.2,1941.4,0.0
site-a,2026-08-24T12:00:00Z,0.7888,162.7063,34.71,9.88,10.61,13.47,46.2,2000.0,0.0
site-a,2026-08-24T13:00:00Z,0.7926,172.8279,35.97,9.81,10.4,14.0,47.3,1941.4,0.0
site-a,2026-08-24T14:00:00Z,0.7966,181.3798,36.06,9.9,10.92,13.49,48.3,1769.0,0.0
site-a,2026-08-24T15:00:00Z,0.8011,200.9908,36.3,9.93,11.1,12.53,47.2,1492.9,0.0
site-a,2026-08-24T16:00:00Z,0.8051,181.3335,35.83,9.87,10.76,13.74,49.0,1129.3,0.0
site-a,2026-08-24T17:00:00Z,0.8088,166.0339,34.94,9.86,10.29,14.25,48.0,699.5,0.0
site-a,2026-08-24T18:00:00Z,0.811,103.0814,34.61,9.69,9.02,16.3,46.5,228.7,0.0
site-a,2026-08-24T19:00:00Z,0.811,0.0,33.58,9.31,6.89,22.76,49.2,0.0,0.0
site-a,2026-08-24T20:00:00Z,0.811,0.0,32.48,9.39,6.62,22.04,48.5,0.0,0.0
site-a,2026-08-24T21:00:00Z,0.811,0.0,30.68,9.32,6.86,21.58,49.1,0.0,0.0
site-a,2026-08-24T22:00:00Z,0.811,0.0,29.62,9.3,6.89,22.47,46.8,0.0,0.0
site-a,2026-08-24T23:00:00Z,0.811,0.0,27.87,9.35,6.56,21.88,48.4,0.0,0.0
site-a,2026-08-25T00:00:00Z,0.811,0.0,27.13,9.29,6.85,22.45,47.0,0.0,0.0
site-a,2026-08-25T01:00:00Z,0.811,0.0,26.56,9.4,6.72,22.18,47.4,0.0,0.0
site-a,2026-08-25T02:00:00Z,0.811,0.0,25.74,9.38,6.78,21.64,48.6,0.0,0.0
site-a,2026-08-25T03:00:00Z,0.811,0.0,25.04,9.33,6.65,23.2,48.4,0.0,0.0
site-a,2026-08-25T04:00:00Z,0.811,0.0,25.33,9.34,7.12,21.49,47.3,0.0,0.0
site-a,2026-08-25T05:00:00Z,0.811,0.0,26.58,9.33,6.81,22.19,47.0,0.0,0.0
site-a,2026-08-25T06:00:00Z,0.8128,79.4281,27.1,9.68,9.21,16.73,48.4,221.4,0.0
site-a,2026-08-25T07:00:00Z,0.8159,140.5887,28.53,9.83,10.43,13.71,49.7,693.7,0.0
site-a,2026-08-25T08:00:00Z,0.8194,156.9441,29.35,9.93,11.14,13.39,46.5,1125.2,0.0
site-a,2026-08-25T09:00:00Z,0.823,165.5889,30.66,9.93,11.27,12.0,45.3,1490.4,0.0
site-a,2026-08-25T10:00:00Z,0.8268,171.6303,32.35,9.88,11.11,13.22,45.4,1767.8,0.0
site-a,2026-08-25T11:00:00Z,0.8302,155.5409,33.86,9.83,11.05,12.97,49.0,1941.1,0.0
site-a,2026-08-25T12:00:00Z,0.8337,154.0774,35.05,9.82,10.76,13.76,47.8,2000.0,0.0
site-a,2026-08-25T13:00:00Z,0.8374,167.4167,35.97,9.81,10.9,13.84,48.0,1941.1,0.0
site-a,2026-08-25T14:00:00Z,0.8409,161.7532,36.3,9.89,10.98,12.06,50.0,1767.8,0.0
site-a,2026-08-25T15:00:00Z,0.8448,175.1161,36.73,9.9,11.44,13.27,49.0,1490.4,0.0
site-a,2026-08-25T16:00:00Z,0.8486,173.9969,36.04,9.93,11.41,13.05,49.2,1125.2,0.0
site-a,2026-08-25T17:00:00Z,0.8522,162.5393,35.92,9.85,10.59,14.22,49.6,693.7,0.0
site-a,2026-08-25T18:00:00Z,0.8543,91.6076,34.75,9.62,9.34,16.39,48.4,221.4,0.0
site-a,2026-08-25T19:00:00Z,0.8543,0.0,33.52,9.39,6.69,22.23,51.4,0.0,0.0
site-a,2026-08-25T20:00:00Z,0.8543,0.0,32.64,9.41,6.81,20.76,50.0,0.0,0.0
site-a,2026-08-25T21:00:00Z,0.8543,0.0,30.96,9.32,6.56,22.01,47.6,0.0,0.0
site-a,2026-08-25T22:00:00Z,0.8543,0.0,29.72,9.37,6.7,22.29,51.8,0.0,0.0
site-a,2026-08-25T23:00:00Z,0.8543,0.0,28.24,9.31,6.91,21.63,48.6,0.0,0.0
site-a,2026-08-26T00:00:00Z,0.8543,0.0,26.95,9.34,6.78,22.26,50.5,0.0,0.0
site-a,2026-08-26T01:00:00Z,0.8543,0.0,26.13,9.33,6.96,22.83,47.7,0.0,0.0
site-a,2026-08-26T02:00:00Z,0.8543,0.0,25.81,9.39,6.7,22.59,49.1,0.0,0.0
site-a,2026-08-26T03:00:00Z,0.8543,0.0,25.61,9.38,6.83,21.84,46.6,0.0,0.0
site-a,2026-08-26T04:00:00Z,0.8543,0.0,25.97,9.35,6.9,21.7,48.5,0.0,0.0
site-a,2026-08-26T05:00:00Z,0.8543,0.0,26.39,9.34,6.86,22.51,49.3,0.0,0.0
site-a,2026-08-26T06:00:00Z,0.856,76.7296,26.87,9.68,8.94,16.09,49.1,214.0,0.0
site-a,2026-08-26T07:00:00Z,0.8588,127.9887,28.48,9.79,10.42,13.64,51.7,687.9,0.0
site-a,2026-08-26T08:00:00Z,0.8622,152.8904,29.78,9.88,11.35,12.97,50.9,1121.1,0.0
site-a,2026-08-26T09:00:00Z,0.8658,166.6454,31.07,9.9,11.27,12.49,51.4,1487.9,0.0
site-a,2026-08-26T10:00:00Z,0.8696,169.1175,32.73,9.87,10.97,12.82,49.5,1766.7,0.0
site-a,2026-08-26T11:00:00Z,0.8732,163.2089,33.49,9.84,10.65,13.08,49.7,1940.8,0.0
site-a,2026-08-26T12:00:00Z,0.8765,147.8004,34.83,9.75,10.67,14.34,49.2,2000.0,0.0
site-a,2026-08-26T13:00:00Z,0.8797,148.0335,35.44,9.84,10.58,14.19,50.6,1940.8,0.0
site-a,2026-08-26T14:00:00Z,0.8833,162.6756,36.09,9.89,11.22,13.32,47.5,1766.7,0.0
site-a,2026-08-26T15:00:00Z,0.8875,187.6843,36.38,9.88,11.18,12.49,49.7,1487.9,0.0
site-a,2026-08-26T16:00:00Z,0.8908,151.66,35.74,9.88,11.1,12.51,50.5,1121.1,0.0
site-a,2026-08-26T17:00:00Z,0.8939,139.1654,35.99,9.83,10.46,13.81,49.3,687.9,0.0
site-a,2026-08-26T18:00:00Z,0.8961,98.6567,34.49,9.64,9.1,16.93,50.6,214.0,0.0
site-a,2026-08-26T19:00:00Z,0.8961,0.0,33.72,9.37,6.96,21.67,50.3,0.0,0.0
site-a,2026-08-26T20:00:00Z,0.8961,0.0,32.51,9.35,7.16,22.0,49.5,0.0,0.0
site-a,2026-08-26T21:00:00Z,0.8961,0.0,30.71,9.4,6.53,22.27,50.9,0.0,0.0
site-a,2026-08-26T22:00:00Z,0.8961,0.0,29.9,9.3,6.84,22.08,52.6,0.0,0.0
site-a,2026-08-26T23:00:00Z,0.8961,0.0,28.16,9.32,6.74,22.18,50.7,0.0,0.0
site-a,2026-08-27T00:00:00Z,0.8961,0.0,27.26,9.37,6.92,21.88,51.3,0.0,0.0
site-a,2026-08-27T01:00:00Z,0.8961,0.0,26.05,9.37,7.01,21.17,50.3,0.0,0.0
site-a,2026-08-27T02:00:00Z,0.8961,0.0,25.7,9.38,7.07,22.71,51.3,0.0,0.0
site-a,2026-08-27T03:00:00Z,0.8961,0.0,25.73,9.37,6.67,21.93,51.5,0.0,0.0
site-a,2026-08-27T04:00:00Z,0.8961,0.0,25.87,9.36,6.88,22.27,51.5,0.0,0.0
site-a,2026-08-27T05:00:00Z,0.8961,0.0,26.04,9.33,6.88,21.44,50.8,0.0,0.0
site-a,2026-08-27T06:00:00Z,0.8976,67.0958,27.15,9.63,9.28,17.09,51.3,206.5,0.0
site-a,2026-08-27T07:00:00Z,0.9003,123.0736,28.13,9.79,10.48,13.84,49.4,682.0,0.0
site-a,2026-08-27T08:00:00Z,0.9038,157.4908,29.72,9.88,11.0,13.18,50.9,1116.9,0.0
site-a,2026-08-27T09:00:00Z,0.9075,167.0904,30.85,9.85,11.34,13.25,51.8,1485.4,0.0
site-a,2026-08-27T10:00:00Z,0.9108,151.4784,32.24,9.88,10.97,13.03,51.1,1765.5,0.0
site-a,2026-08-27T11:00:00Z,0.9139,139.8419,33.76,9.82,10.65,14.64,54.8,1940.5,0.0
site-a,2026-08-27T12:00:00Z,0.9171,143.1137,34.37,9.79,10.59,14.01,54.0,2000.0,0.0
site-a,2026-08-27T13:00:00Z,0.9202,141.5509,35.88,9.88,10.89,14.0,51.7,1940.5,0.0
site-a,2026-08-27T14:00:00Z,0.9235,152.1033,36.09,9.94,11.15,12.13,51.0,1765.5,0.0
site-a,2026-08-27T15:00:00Z,0.9271,162.8923,36.21,9.93,11.17,12.87,53.2,1485.4,0.0
site-a,2026-08-27T16:00:00Z,0.9306,156.0215,36.29,9.9,10.81,11.95,48.6,1116.9,0.0
site-a,2026-08-27T17:00:00Z,0.9337,139.7814,35.88,9.82,10.63,13.74,52.3,682.0,0.0
site-a,2026-08-27T18:00:00Z,0.9355,80.8008,34.58,9.7,9.11,17.05,53.4,206.5,0.0
site-a,2026-08-27T19:00:00Z,0.9355,0.0,33.94,9.34,6.63,22.27,53.9,0.0,0.0
site-a,2026-08-27T20:00:00Z,0.9355,0.0,32.37,9.36,7.01,21.46,53.4,0.0,0.0
site-a,2026-08-27T21:00:00Z,0.9355,0.0,31.12,9.33,6.64,22.24,54.0,0.0,0.0
site-a,2026-08-27T22:00:00Z,0.9355,0.0,29.28,9.31,6.81,21.73,51.1,0.0,0.0
site-a,2026-08-27T23:00:00Z,0.9355,0.0,28.14,9.31,6.81,21.51,50.2,0.0,0.0
site-a,2026-08-28T00:00:00Z,0.9355,0.0,27.43,9.35,7.14,23.1,51.4,0.0,0.0
site-a,2026-08-28T01:00:00Z,0.9355,0.0,26.45,9.39,6.76,21.91,52.1,0.0,0.0
site-a,2026-08-28T02:00:00Z,0.9355,0.0,25.76,9.3,6.68,21.79,51.3,0.0,0.0
site-a,2026-08-28T03:00:00Z,0.9355,0.0,25.68,9.32,6.83,21.84,53.5,0.0,0.0
site-a,2026-08-28T04:00:00Z,0.9355,0.0,25.72,9.28,6.77,22.64,55.4,0.0,0.0
site-a,2026-08-28T05:00:00Z,0.9355,0.0,26.29,9.38,6.99,22.83,51.7,0.0,0.0
site-a,2026-08-28T06:00:00Z,0.9369,64.1345,26.92,9.63,8.8,16.21,51.3,198.9,0.0
site-a,2026-08-28T07:00:00Z,0.9392,106.8426,28.38,9.82,10.91,13.78,51.3,676.0,0.0
site-a,2026-08-28T08:00:00Z,0.942,124.3714,29.41,9.86,11.08,12.57,52.2,1112.7,0.0
site-a,2026-08-28T09:00:00Z,0.9453,151.6804,31.4,9.89,11.32,11.09,55.0,1482.9,0.0
site-a,2026-08-28T10:00:00Z,0.9485,144.0163,32.72,9.87,11.21,13.03,52.4,1764.3,0.0
site-a,2026-08-28T11:00:00Z,0.9514,128.8803,33.97,9.91,10.52,13.64,53.8,1940.2,0.0
site-a,2026-08-28T12:00:00Z,0.9544,136.3539,34.54,9.8,10.77,14.08,56.2,2000.0,0.0
site-a,2026-08-28T13:00:00Z,0.9573,133.8595,35.9,9.77,10.84,12.83,51.4,1940.2,0.0
site-a,2026-08-28T14:00:00Z,0.9603,132.1956,36.49,9.89,10.88,12.11,52.8,1764.3,0.0
site-a,2026-08-28T15:00:00Z,0.9636,152.089,36.6,9.94,11.13,12.96,52.0,1482.9,0.0
site-a,2026-08-28T16:00:00Z,0.9668,145.4733,36.05,9.87,11.06,12.28,54.0,1112.7,0.0
site-a,2026-08-28T17:00:00Z,0.9698,131.7214,35.38,9.86,10.9,13.37,53.9,676.0,0.0
site-a,2026-08-28T18:00:00Z,0.9713,69.1659,34.95,9.68,8.96,17.09,55.9,198.9,0.0
site-a,2026-08-28T19:00:00Z,0.9713,0.0,33.88,9.41,7.05,22.47,55.6,0.0,0.0
site-a,2026-08-28T20:00:00Z,0.9713,0.0,32.77,9.36,7.0,22.12,51.2,0.0,0.0
site-a,2026-08-28T21:00:00Z,0.9713,0.0,30.75,9.4,6.72,21.56,53.6,0.0,0.0
site-a,2026-08-28T22:00:00Z,0.9713,0.0,29.6,9.33,6.7,22.08,54.2,0.0,0.0
site-a,2026-08-28T23:00:00Z,0.9713,0.0,28.57,9.4,6.77,21.75,54.2,0.0,0.0
site-a,2026-08-29T00:00:00Z,0.9713,0.0,27.11,9.3,7.12,22.37,52.5,0.0,0.0
site-a,2026-08-29T01:00:00Z,0.9713,0.0,26.27,9.34,6.73,21.9,56.2,0.0,0.0
site-a,2026-08-29T02:00:00Z,0.9713,0.0,25.19,9.39,6.96,21.98,53.9,0.0,0.0
site-a,2026-08-29T03:00:00Z,0.9713,0.0,25.9,9.36,6.74,21.76,51.7,0.0,0.0
site-a,2026-08-29T04:00:00Z,0.9713,0.0,25.5,9.36,6.72,22.53,55.9,0.0,0.0
site-a,2026-08-29T05:00:00Z,0.9713,0.0,26.49,9.35,6.82,21.7,54.0,0.0,0.0
site-a,2026-08-29T06:00:00Z,0.9726,58.191,27.42,9.66,9.39,16.05,52.7,191.2,0.0
site-a,2026-08-29T07:00:00Z,0.9747,98.0913,28.12,9.83,10.57,13.71,54.3,670.0,0.0
site-a,2026-08-29T08:00:00Z,0.9776,128.7444,29.4,9.87,11.16,13.31,54.3,1108.5,0.0
site-a,2026-08-29T09:00:00Z,0.9804,126.9166,30.58,9.9,11.17,13.14,55.3,1480.3,0.0
site-a,2026-08-29T10:00:00Z,0.9835,141.1296,32.52,9.89,10.87,13.55,52.6,1763.1,0.0
site-a,2026-08-29T11:00:00Z,0.9863,126.506,33.83,9.78,10.56,13.43,54.1,1939.9,0.0
site-a,2026-08-29T12:00:00Z,0.9888,112.9836,34.98,9.84,10.58,14.19,55.6,2000.0,0.0
site-a,2026-08-29T13:00:00Z,0.9915,120.2551,35.62,9.85,10.64,13.23,52.2,1939.9,0.0
site-a,2026-08-29T14:00:00Z,0.9945,139.2632,36.4,9.81,10.9,12.61,54.2,1763.1,0.0
site-a,2026-08-29T15:00:00Z,0.9976,139.2219,36.57,9.9,10.71,12.53,55.2,1480.3,0.0
site-a,2026-08-29T16:00:00Z,1.0006,137.2341,36.57,9.9,10.95,12.32,57.1,1108.5,0.0
site-a,2026-08-29T17:00:00Z,1.0034,125.0171,35.31,9.83,10.95,14.39,54.5,670.0,0.0
site-a,2026-08-29T18:00:00Z,1.0049,66.5237,34.99,9.58,9.1,16.88,54.4,191.2,0.0
site-a,2026-08-29T19:00:00Z,1.0049,0.0,33.48,9.38,7.12,21.72,54.3,0.0,0.0
site-a,2026-08-29T20:00:00Z,1.0049,0.0,32.55,9.35,6.67,21.98,55.7,0.0,0.0
site-a,2026-08-29T21:00:00Z,1.0049,0.0,30.79,9.32,6.83,22.29,54.1,0.0,0.0
site-a,2026-08-29T22:00:00Z,1.0049,0.0,29.96,9.37,6.81,22.12,52.4,0.0,0.0
site-a,2026-08-29T23:00:00Z,1.0049,0.0,28.58,9.33,6.74,22.34,57.2,0.0,0.0
site-a,2026-08-30T00:00:00Z,1.0049,0.0,27.0,9.35,7.06,21.48,55.3,0.0,0.0
site-a,2026-08-30T01:00:00Z,1.0049,0.0,26.43,9.31,6.82,21.62,58.9,0.0,0.0
site-a,2026-08-30T02:00:00Z,1.0049,0.0,25.91,9.35,6.8,21.74,51.6,0.0,0.0
site-a,2026-08-30T03:00:00Z,1.0049,0.0,25.17,9.37,6.69,21.43,57.3,0.0,0.0
site-a,2026-08-30T04:00:00Z,1.0049,0.0,25.63,9.35,6.76,22.7,55.9,0.0,0.0
site-a,2026-08-30T05:00:00Z,1.0049,0.0,26.02,9.34,6.75,21.93,54.0,0.0,0.0
site-a,2026-08-30T06:00:00Z,1.006,50.995,27.36,9.62,9.01,16.57,54.2,183.5,0.0
site-a,2026-08-30T07:00:00Z,1.0081,94.2596,28.5,9.83,10.92,13.6,53.4,663.9,0.0
site-a,2026-08-30T08:00:00Z,1.0107,117.6392,30.11,9.88,11.18,14.03,54.9,1104.1,0.0
site-a,2026-08-30T09:00:00Z,1.0136,132.566,31.33,9.93,11.42,12.53,55.1,1477.7,0.0
site-a,2026-08-30T10:00:00Z,1.0163,119.9359,32.34,9.87,11.07,13.18,56.8,1761.9,0.0
site-a,2026-08-30T11:00:00Z,1.0186,105.6397,33.61,9.84,10.5,13.18,56.8,1939.6,0.0
site-a,2026-08-30T12:00:00Z,1.0213,120.6477,34.92,9.81,10.6,14.18,54.1,2000.0,0.0
site-a,2026-08-30T13:00:00Z,1.0238,113.0191,35.74,9.77,10.91,14.55,56.5,1939.6,0.0
site-a,2026-08-30T14:00:00Z,1.0265,124.6891,36.67,9.86,10.78,12.69,55.9,1761.9,0.0
site-a,2026-08-30T15:00:00Z,1.0294,130.1271,36.37,9.98,11.47,12.54,57.9,1477.7,0.0
site-a,2026-08-30T16:00:00Z,1.0319,113.7605,35.58,9.86,11.04,12.56,56.3,1104.1,0.0
site-a,2026-08-30T17:00:00Z,1.0342,101.6203,35.65,9.75,10.35,13.69,57.9,663.9,0.0
site-a,2026-08-30T18:00:00Z,1.0354,57.9815,34.91,9.6,8.9,17.7,56.9,183.5,0.0
site-a,2026-08-30T19:00:00Z,1.0354,0.0,33.76,9.36,6.95,22.73,56.0,0.0,0.0
site-a,2026-08-30T20:00:00Z,1.0354,0.0,32.4,9.35,6.94,20.95,53.7,0.0,0.0
site-a,2026-08-30T21:00:00Z,1.0354,0.0,31.12,9.39,6.55,22.54,54.7,0.0,0.0
site-a,2026-08-30T22:00:00Z,1.0354,0.0,29.4,9.34,6.97,22.42,57.3,0.0,0.0
site-a,2026-08-30T23:00:00Z,1.0354,0.0,28.97,9.32,6.84,22.33,55.8,0.0,0.0
site-a,2026-08-31T00:00:00Z,1.0354,0.0,27.14,9.31,6.78,22.17,57.2,0.0,0.0
site-a,2026-08-31T01:00:00Z,1.0354,0.0,25.86,9.35,6.7,21.03,57.8,0.0,0.0
site-a,2026-08-31T02:00:00Z,1.0354,0.0,25.74,9.38,6.77,22.25,54.7,0.0,0.0
site-a,2026-08-31T03:00:00Z,1.0354,0.0,25.49,9.34,6.8,21.88,58.4,0.0,0.0
site-a,2026-08-31T04:00:00Z,1.0354,0.0,25.85,9.35,6.64,21.76,53.8,0.0,0.0
site-a,2026-08-31T05:00:00Z,1.0354,0.0,26.08,9.37,6.32,23.11,55.6,0.0,0.0
site-a,2026-08-31T06:00:00Z,1.0364,43.8587,26.75,9.61,8.93,17.66,57.1,175.7,0.0
site-a,2026-08-31T07:00:00Z,1.0383,87.8561,28.1,9.81,10.65,13.77,55.5,657.7,0.0
site-a,2026-08-31T08:00:00Z,1.0406,100.5475,29.23,9.91,10.73,12.8,57.3,1099.8,0.0
site-a,2026-08-31T09:00:00Z,1.043,108.7599,31.06,9.9,11.32,11.74,52.8,1475.0,0.0
site-a,2026-08-31T10:00:00Z,1.0454,108.1394,32.48,9.99,10.91,13.82,53.8,1760.6,0.0
site-a,2026-08-31T11:00:00Z,1.0478,108.2663,33.82,9.84,10.66,13.8,56.6,1939.2,0.0
site-a,2026-08-31T12:00:00Z,1.0502,108.9003,35.14,9.81,10.66,14.37,57.3,2000.0,0.0
site-a,2026-08-31T13:00:00Z,1.0526,109.8711,36.05,9.87,10.83,13.56,57.7,1939.2,0.0
site-a,2026-08-31T14:00:00Z,1.0551,113.0629,36.14,9.84,10.78,12.96,56.4,1760.6,0.0
site-a,2026-08-31T15:00:00Z,1.0575,110.6757,36.28,9.86,11.18,11.56,56.7,1475.0,0.0
site-a,2026-08-31T16:00:00Z,1.06,110.0463,36.25,9.88,11.05,12.5,58.4,1099.8,0.0
site-a,2026-08-31T17:00:00Z,1.062,93.5914,35.96,9.77,10.73,13.35,53.5,657.7,0.0
site-a,2026-08-31T18:00:00Z,1.0633,56.0306,34.87,9.58,9.14,17.15,58.5,175.7,0.0
site-a,2026-08-31T19:00:00Z,1.0633,0.0,33.66,9.36,6.66,21.58,56.0,0.0,0.0
site-a,2026-08-31T20:00:00Z,1.0633,0.0,31.91,9.36,6.64,21.2,57.6,0.0,0.0
site-a,2026-08-31T21:00:00Z,1.0633,0.0,31.0,9.34,6.97,21.43,57.5,0.0,0.0
site-a,2026-08-31T22:00:00Z,1.0633,0.0,29.79,9.38,6.88,21.94,58.0,0.0,0.0
site-a,2026-08-31T23:00:00Z,1.0633,0.0,28.24,9.34,6.7,22.3,57.3,0.0,0.0
site-a,2026-09-01T00:00:00Z,1.0633,0.0,27.17,9.39,6.95,21.46,57.8,0.0,0.0
site-a,2026-09-01T01:00:00Z,1.0633,0.0,26.34,9.29,6.8,22.04,55.9,0.0,0.0
site-a,2026-09-01T02:00:00Z,1.0633,0.0,26.07,9.36,7.16,22.83,56.9,0.0,0.0
site-a,2026-09-01T03:00:00Z,1.0633,0.0,25.84,9.37,6.87,21.82,59.0,0.0,0.0
site-a,2026-09-01T04:00:00Z,1.0633,0.0,25.45,9.33,6.8,22.42,55.9,0.0,0.0
site-a,2026-09-01T05:00:00Z,1.0633,0.0,26.14,9.32,6.95,21.04,55.7,0.0,0.0
site-a,2026-09-01T06:00:00Z,1.0642,43.329,26.9,9.57,8.99,17.27,56.7,167.8,0.0
site-a,2026-09-01T07:00:00Z,1.066,81.497,28.08,9.81,10.71,14.55,57.5,651.5,0.0
site-a,2026-09-01T08:00:00Z,1.0681,94.7095,29.63,9.9,10.94,13.33,57.7,1095.4,0.0
site-a,2026-09-01T09:00:00Z,0.6958,105.0985,31.23,9.92,11.34,12.99,43.6,1472.3,0.3747
site-a,2026-09-01T10:00:00Z,0.7002,200.3109,32.43,9.83,10.97,13.81,42.6,1759.4,0.0
site-a,2026-09-01T11:00:00Z,0.7046,199.8339,33.53,9.86,10.74,14.16,43.9,1938.9,0.0
site-a,2026-09-01T12:00:00Z,0.7083,167.7988,34.95,9.84,10.68,14.36,43.7,2000.0,0.0
site-a,2026-09-01T13:00:00Z,0.7122,176.4798,35.64,9.86,10.49,13.05,43.9,1938.9,0.0
site-a,2026-09-01T14:00:00Z,0.717,216.2177,36.68,9.86,11.02,12.55,43.5,1759.4,0.0
site-a,2026-09-01T15:00:00Z,0.7217,210.1202,36.2,9.83,11.14,12.25,44.7,1472.3,0.0
site-a,2026-09-01T16:00:00Z,0.7264,212.4614,36.01,9.86,11.12,12.12,44.8,1095.4,0.0
site-a,2026-09-01T17:00:00Z,0.73,166.2816,35.78,9.86,10.4,13.66,45.2,651.5,0.0
site-a,2026-09-01T18:00:00Z,0.7325,109.8322,34.71,9.55,8.7,17.99,46.5,167.8,0.0
site-a,2026-09-01T19:00:00Z,0.7325,0.0,33.95,9.34,7.0,20.99,44.3,0.0,0.0
site-a,2026-09-01T20:00:00Z,0.7325,0.0,32.42,9.33,6.89,21.94,46.6,0.0,0.0
site-a,2026-09-01T21:00:00Z,0.7325,0.0,30.95,9.37,7.06,21.53,44.4,0.0,0.0
site-a,2026-09-01T22:00:00Z,0.7325,0.0,29.35,9.31,6.82,21.66,46.8,0.0,0.0
site-a,2026-09-01T23:00:00Z,0.7325,0.0,28.31,9.3,6.83,21.52,47.5,0.0,0.0
site-a,2026-09-02T00:00:00Z,0.7325,0.0,26.88,9.37,6.92,21.85,45.2,0.0,0.0
site-a,2026-09-02T01:00:00Z,0.7325,0.0,26.01,9.36,6.83,22.59,43.3,0.0,0.0
site-a,2026-09-02T02:00:00Z,0.7325,0.0,25.42,9.32,7.15,22.47,45.4,0.0,0.0
site-a,2026-09-02T03:00:00Z,0.7325,0.0,25.37,9.39,6.8,21.57,45.8,0.0,0.0
site-a,2026-09-02T04:00:00Z,0.7325,0.0,26.15,9.37,6.95,21.11,44.1,0.0,0.0
site-a,2026-09-02T05:00:00Z,0.7325,0.0,25.96,9.36,6.79,22.17,46.3,0.0,0.0
site-a,2026-09-02T06:00:00Z,0.7342,77.4177,27.01,9.65,8.68,19.27,44.3,159.8,0.0
site-a,2026-09-02T07:00:00Z,0.7378,162.4382,28.46,9.84,10.74,13.14,47.4,645.2,0.0
site-a,2026-09-02T08:00:00Z,0.7418,180.4732,29.62,9.88,11.04,13.29,44.9,1090.9,0.0
site-a,2026-09-02T09:00:00Z,0.7458,182.4382,30.95,9.97,11.39,13.32,47.7,1469.6,0.0
site-a,2026-09-02T10:00:00Z,0.7503,203.9936,32.67,9.89,11.17,13.16,44.4,1758.1,0.0
site-a,2026-09-02T11:00:00Z,0.7541,172.2694,33.63,9.86,10.77,14.2,48.2,1938.6,0.0
site-a,2026-09-02T12:00:00Z,0.758,175.0707,35.33,9.83,10.37,14.19,46.0,2000.0,0.0
site-a,2026-09-02T13:00:00Z,0.7623,197.3459,35.9,9.86,10.92,14.0,48.8,1938.6,0.0
site-a,2026-09-02T14:00:00Z,0.7663,178.7425,36.24,9.93,11.05,13.08,45.3,1758.1,0.0
site-a,2026-09-02T15:00:00Z,0.7706,197.3157,36.45,9.96,11.11,12.64,46.3,1469.6,0.0
site-a,2026-09-02T16:00:00Z,0.775,199.3324,36.86,9.85,11.37,12.21,46.6,1090.9,0.0
site-a,2026-09-02T17:00:00Z,0.7786,162.3453,35.92,9.81,10.82,14.1,45.4,645.2,0.0
site-a,2026-09-02T18:00:00Z,0.7808,96.0257,35.17,9.58,8.95,17.92,46.3,159.8,0.0
site-a,2026-09-02T19:00:00Z,0.7808,0.0,33.74,9.34,6.6,21.47,44.8,0.0,0.0
site-a,2026-09-02T20:00:00Z,0.7808,0.0,32.87,9.34,6.72,21.06,46.3,0.0,0.0
site-a,2026-09-02T21:00:00Z,0.7808,0.0,31.12,9.35,6.88,21.83,48.0,0.0,0.0
site-a,2026-09-02T22:00:00Z,0.7808,0.0,29.2,9.38,7.04,21.45,46.5,0.0,0.0
site-a,2026-09-02T23:00:00Z,0.7808,0.0,28.66,9.35,6.77,21.71,47.3,0.0,0.0
site-a,2026-09-03T00:00:00Z,0.7808,0.0,26.85,9.36,6.98,21.75,46.4,0.0,0.0
site-a,2026-09-03T01:00:00Z,0.7808,0.0,25.98,9.35,6.56,22.52,47.7,0.0,0.0
site-a,2026-09-03T02:00:00Z,0.7808,0.0,25.65,9.33,6.9,21.86,48.8,0.0,0.0
site-a,2026-09-03T03:00:00Z,0.7808,0.0,25.61,9.36,7.01,21.18,46.5,0.0,0.0
site-a,2026-09-03T04:00:00Z,0.7808,0.0,25.88,9.35,6.63,22.33,48.0,0.0,0.0
site-a,2026-09-03T05:00:00Z,0.7808,0.0,26.74,9.39,6.77,22.36,44.9,0.0,0.0
site-a,2026-09-03T06:00:00Z,0.7822,65.5833,27.47,9.56,8.84,18.57,46.5,151.7,0.0
site-a,2026-09-03T07:00:00Z,0.7855,150.0893,28.35,9.8,10.6,14.19,44.9,638.8,0.0
site-a,2026-09-03T08:00:00Z,0.7893,170.3437,29.17,9.88,11.11,13.95,46.3,1086.4,0.0
site-a,2026-09-03T09:00:00Z,0.7937,202.037,30.8,9.91,11.49,12.2,47.6,1466.9,0.0
site-a,2026-09-03T10:00:00Z,0.7977,176.6318,32.51,9.9,11.4,13.68,48.1,1756.8,0.0
site-a,2026-09-03T11:00:00Z,0.8015,176.1867,33.6,9.83,10.97,14.63,46.2,1938.2,0.0
site-a,2026-09-03T12:00:00Z,0.8057,190.1715,34.83,9.86,10.65,13.57,46.6,2000.0,0.0
site-a,2026-09-03T13:00:00Z,0.8094,165.2779,35.79,9.84,10.46,14.51,48.2,1938.2,0.0
site-a,2026-09-03T14:00:00Z,0.8133,174.4779,36.28,9.84,11.33,13.9,47.2,1756.8,0.0
site-a,2026-09-03T15:00:00Z,0.8175,190.9976,36.56,9.87,11.1,12.8,49.3,1466.9,0.0
site-a,2026-09-03T16:00:00Z,0.8214,177.9955,36.49,9.88,10.97,13.59,47.4,1086.4,0.0
site-a,2026-09-03T17:00:00Z,0.8248,153.4535,35.8,9.84,10.66,14.52,49.7,638.8,0.0
site-a,2026-09-03T18:00:00Z,0.8267,84.7775,34.82,9.65,8.8,17.88,47.8,151.7,0.0
site-a,2026-09-03T19:00:00Z,0.8267,0.0,33.87,9.36,6.99,22.12,48.4,0.0,0.0
site-a,2026-09-03T20:00:00Z,0.8267,0.0,32.73,9.35,6.75,21.31,46.9,0.0,0.0
site-a,2026-09-03T21:00:00Z,0.8267,0.0,30.35,9.32,6.81,21.9,47.8,0.0,0.0
site-a,2026-09-03T22:00:00Z,0.8267,0.0,29.43,9.33,6.77,21.45,49.3,0.0,0.0
site-a,2026-09-03T23:00:00Z,0.8267,0.0,28.13,9.4,6.77,22.09,48.6,0.0,0.0
site-a,2026-09-04T00:00:00Z,0.8267,0.0,27.06,9.35,7.04,22.45,48.4,0.0,0.0
site-a,2026-09-04T01:00:00Z,0.8267,0.0,26.3,9.31,6.83,21.67,47.4,0.0,0.0
site-a,2026-09-04T02:00:00Z,0.8267,0.0,25.75,9.39,6.77,21.39,46.3,0.0,0.0
site-a,2026-09-04T03:00:00Z,0.8267,0.0,25.85,9.33,6.47,21.56,48.4,0.0,0.0
site-a,2026-09-04T04:00:00Z,0.8267,0.0,25.4,9.36,6.62,21.95,47.9,0.0,0.0
site-a,2026-09-04T05:00:00Z,0.8267,0.0,26.02,9.36,6.6,21.71,50.3,0.0,0.0
site-a,2026-09-04T06:00:00Z,0.828,61.038,27.14,9.56,8.76,18.15,47.5,143.6,0.0
site-a,2026-09-04T07:00:00Z,0.8308,124.9355,28.38,9.79,10.37,14.06,51.3,632.4,0.0
site-a,2026-09-04T08:00:00Z,0.8347,175.2724,30.16,9.84,10.89,12.93,48.5,1081.8,0.0
site-a,2026-09-04T09:00:00Z,0.8388,188.4903,30.62,9.89,11.25,12.53,48.2,1464.1,0.0
site-a,2026-09-04T10:00:00Z,0.8425,168.0122,32.55,9.86,10.75,13.17,48.7,1755.5,0.0
site-a,2026-09-04T11:00:00Z,0.8462,166.377,33.16,9.85,10.3,12.56,50.1,1937.9,0.0
site-a,2026-09-04T12:00:00Z,0.85,169.2478,34.83,9.86,10.53,13.51,48.9,2000.0,0.0
site-a,2026-09-04T13:00:00Z,0.8538,173.9596,35.48,9.79,10.82,13.08,49.2,1937.9,0.0
site-a,2026-09-04T14:00:00Z,0.8579,186.0694,36.27,9.89,10.97,13.3,50.4,1755.5,0.0
site-a,2026-09-04T15:00:00Z,0.8618,175.1722,36.47,9.97,11.26,12.78,48.9,1464.1,0.0
site-a,2026-09-04T16:00:00Z,0.8656,173.8672,36.26,9.85,11.17,13.18,49.8,1081.8,0.0
site-a,2026-09-04T17:00:00Z,0.8691,155.507,35.64,9.81,10.53,14.54,51.2,632.4,0.0
site-a,2026-09-04T18:00:00Z,0.8708,80.7367,34.86,9.6,8.84,18.57,48.5,143.6,0.0
site-a,2026-09-04T19:00:00Z,0.8708,0.0,33.58,9.33,6.74,22.81,49.6,0.0,0.0
site-a,2026-09-04T20:00:00Z,0.8708,0.0,32.1,9.34,6.89,22.43,50.1,0.0,0.0
site-a,2026-09-04T21:00:00Z,0.8708,0.0,31.22,9.36,6.75,22.01,50.0,0.0,0.0
site-a,2026-09-04T22:00:00Z,0.8708,0.0,29.53,9.3,6.74,21.51,50.6,0.0,0.0
site-a,2026-09-04T23:00:00Z,0.8708,0.0,28.16,9.32,6.75,21.17,50.5,0.0,0.0
site-a,2026-09-05T00:00:00Z,0.8708,0.0,27.03,9.33,6.7,22.08,52.4,0.0,0.0
site-a,2026-09-05T01:00:00Z,0.8708,0.0,25.47,9.37,6.69,21.82,48.1,0.0,0.0
site-a,2026-09-05T02:00:00Z,0.8708,0.0,25.44,9.36,6.76,21.16,53.3,0.0,0.0
site-a,2026-09-05T03:00:00Z,0.8708,0.0,25.29,9.35,7.02,21.39,49.9,0.0,0.0
site-a,2026-09-05T04:00:00Z,0.8708,0.0,25.84,9.38,6.79,21.52,49.3,0.0,0.0
site-a,2026-09-05T05:00:00Z,0.8708,0.0,26.23,9.36,6.9,22.41,52.0,0.0,0.0
site-a,2026-09-05T06:00:00Z,0.8722,62.6394,27.35,9.57,8.57,17.82,49.1,135.4,0.0
site-a,2026-09-05T07:00:00Z,0.8751,127.7952,28.6,9.78,10.42,13.69,50.0,625.9,0.0
site-a,2026-09-05T08:00:00Z,0.8785,156.2463,29.52,9.89,11.15,12.88,49.3,1077.2,0.0
site-a,2026-09-05T09:00:00Z,0.8825,181.4589,30.64,9.96,11.41,12.24,50.2,1461.3,0.0
site-a,2026-09-05T10:00:00Z,0.8863,169.1172,32.19,9.84,11.05,13.08,50.9,1754.2,0.0
site-a,2026-09-05T11:00:00Z,0.8895,147.6191,33.73,9.81,10.81,14.29,49.3,1937.6,0.0
site-a,2026-09-05T12:00:00Z,0.893,158.8613,34.95,9.79,10.29,14.04,50.7,2000.0,0.0
site-a,2026-09-05T13:00:00Z,0.8965,154.8971,36.31,9.86,10.89,13.8,51.9,1937.6,0.0
site-a,2026-09-05T14:00:00Z,0.9002,169.1199,36.68,9.84,11.1,12.34,51.2,1754.2,0.0
site-a,2026-09-05T15:00:00Z,0.9039,166.7763,36.72,9.89,11.33,11.84,51.2,1461.3,0.0
site-a,2026-09-05T16:00:00Z,0.9076,167.022,36.05,9.87,10.95,14.02,53.4,1077.2,0.0
site-a,2026-09-05T17:00:00Z,0.9108,146.1906,35.54,9.82,10.37,15.0,50.9,625.9,0.0
site-a,2026-09-05T18:00:00Z,0.9122,65.3066,34.76,9.56,8.6,17.6,51.7,135.4,0.0
site-a,2026-09-05T19:00:00Z,0.9122,0.0,33.84,9.37,6.99,22.61,51.8,0.0,0.0
site-a,2026-09-05T20:00:00Z,0.9122,0.0,32.98,9.38,6.54,22.16,50.7,0.0,0.0
site-a,2026-09-05T21:00:00Z,0.9122,0.0,30.75,9.35,6.77,22.16,48.9,0.0,0.0
site-a,2026-09-05T22:00:00Z,0.9122,0.0,29.5,9.35,6.73,22.15,50.2,0.0,0.0
site-a,2026-09-05T23:00:00Z,0.9122,0.0,28.22,9.31,6.8,21.87,50.4,0.0,0.0
site-a,2026-09-06T00:00:00Z,0.9122,0.0,26.7,9.35,6.68,22.97,50.6,0.0,0.0
site-a,2026-09-06T01:00:00Z,0.9122,0.0,26.15,9.36,6.87,22.05,50.4,0.0,0.0
site-a,2026-09-06T02:00:00Z,0.9122,0.0,25.87,9.33,6.6,21.73,50.0,0.0,0.0
site-a,2026-09-06T03:00:00Z,0.9122,0.0,25.29,9.32,6.58,21.78,52.4,0.0,0.0
site-a,2026-09-06T04:00:00Z,0.9122,0.0,26.09,9.33,6.6,21.13,53.3,0.0,0.0
site-a,2026-09-06T05:00:00Z,0.9122,0.0,25.89,9.34,7.1,22.17,50.9,0.0,0.0
site-a,2026-09-06T06:00:00Z,0.9134,50.9876,27.48,9.52,8.75,18.54,50.1,127.2,0.0
site-a,2026-09-06T07:00:00Z,0.9158,111.8877,27.99,9.78,10.45,13.83,52.0,619.3,0.0
site-a,2026-09-06T08:00:00Z,0.9188,135.6815,29.65,9.9,11.04,12.68,52.4,1072.6,0.0
site-a,2026-09-06T09:00:00Z,0.9222,151.512,30.97,9.87,11.29,12.67,49.5,1458.5,0.0
site-a,2026-09-06T10:00:00Z,0.9257,160.7328,32.6,9.88,10.98,13.25,51.7,1752.9,0.0
site-a,2026-09-06T11:00:00Z,0.9289,143.6432,33.65,9.85,11.04,13.77,52.3,1937.2,0.0
site-a,2026-09-06T12:00:00Z,0.9317,126.4601,35.27,9.78,10.56,14.53,50.9,2000.0,0.0
site-a,2026-09-06T13:00:00Z,0.9348,140.7867,35.61,9.83,10.79,14.58,54.0,1937.2,0.0
site-a,2026-09-06T14:00:00Z,0.9384,162.1871,36.48,9.94,10.79,12.79,52.5,1752.9,0.0
site-a,2026-09-06T15:00:00Z,0.942,163.7184,36.75,9.94,11.17,12.43,53.4,1458.5,0.0
site-a,2026-09-06T16:00:00Z,0.9452,143.257,36.61,9.89,11.23,13.79,52.7,1072.6,0.0
site-a,2026-09-06T17:00:00Z,0.9482,134.4207,35.5,9.84,10.69,13.87,51.6,619.3,0.0
site-a,2026-09-06T18:00:00Z,0.9496,63.9425,35.05,9.58,8.51,18.82,52.8,127.2,0.0
site-a,2026-09-06T19:00:00Z,0.9496,0.0,33.63,9.34,6.96,21.74,50.6,0.0,0.0
site-a,2026-09-06T20:00:00Z,0.9496,0.0,32.4,9.35,6.51,21.91,52.6,0.0,0.0
site-a,2026-09-06T21:00:00Z,0.9496,0.0,30.88,9.37,6.71,21.32,52.8,0.0,0.0
site-a,2026-09-06T22:00:00Z,0.9496,0.0,29.66,9.3,6.81,22.44,54.3,0.0,0.0
site-a,2026-09-06T23:00:00Z,0.9496,0.0,28.34,9.35,7.05,21.78,53.7,0.0,0.0
site-a,2026-09-07T00:00:00Z,0.9496,0.0,27.05,9.32,6.71,21.64,53.6,0.0,0.0
site-a,2026-09-07T01:00:00Z,0.9496,0.0,26.46,9.42,6.33,22.07,51.9,0.0,0.0
site-a,2026-09-07T02:00:00Z,0.9496,0.0,26.13,9.37,6.98,22.34,52.2,0.0,0.0
site-a,2026-09-07T03:00:00Z,0.9496,0.0,25.84,9.39,6.8,21.19,54.5,0.0,0.0
site-a,2026-09-07T04:00:00Z,0.9496,0.0,25.23,9.33,7.04,21.19,53.0,0.0,0.0
site-a,2026-09-07T05:00:00Z,0.9496,0.0,25.7,9.3,7.0,22.19,54.2,0.0,0.0
site-a,2026-09-07T06:00:00Z,0.9505,44.1116,27.35,9.51,8.76,18.16,55.6,118.8,0.0
site-a,2026-09-07T07:00:00Z,0.9528,100.9798,27.95,9.77,10.05,14.45,55.7,612.7,0.0
site-a,2026-09-07T08:00:00Z,0.9558,137.2901,29.65,9.89,11.06,14.16,56.0,1067.9,0.0
site-a,2026-09-07T09:00:00Z,0.9589,138.8986,31.1,9.87,11.62,12.98,53.2,1455.6,0.0
site-a,2026-09-07T10:00:00Z,0.962,140.0112,32.21,9.94,11.06,12.91,54.8,1751.5,0.0
site-a,2026-09-07T11:00:00Z,0.9645,113.7438,33.7,9.86,10.46,13.86,54.3,1936.9,0.0
site-a,2026-09-07T12:00:00Z,0.9674,130.4599,34.87,9.83,10.36,14.23,53.7,2000.0,0.0
site-a,2026-09-07T13:00:00Z,0.9702,128.708,35.77,9.84,10.8,13.99,55.8,1936.9,0.0
site-a,2026-09-07T14:00:00Z,0.973,126.0017,36.62,9.86,11.24,13.39,54.1,1751.5,0.0
site-a,2026-09-07T15:00:00Z,0.9762,144.8301,36.94,9.89,11.17,12.36,51.7,1455.6,0.0
site-a,2026-09-07T16:00:00Z,0.9794,145.6289,35.93,9.9,11.11,12.57,54.7,1067.9,0.0
site-a,2026-09-07T17:00:00Z,0.982,117.5817,35.92,9.83,10.39,14.96,55.3,612.7,0.0
site-a,2026-09-07T18:00:00Z,0.9831,50.9575,34.93,9.56,8.72,18.28,55.8,118.8,0.0
site-a,2026-09-07T19:00:00Z,0.9831,0.0,33.92,9.35,6.74,21.62,55.8,0.0,0.0
site-a,2026-09-07T20:00:00Z,0.9831,0.0,32.2,9.33,6.86,21.68,53.2,0.0,0.0
site-a,2026-09-07T21:00:00Z,0.9831,0.0,30.86,9.3,6.47,21.68,57.3,0.0,0.0
site-a,2026-09-07T22:00:00Z,0.9831,0.0,29.59,9.35,6.65,21.87,54.2,0.0,0.0
site-a,2026-09-07T23:00:00Z,0.9831,0.0,28.02,9.35,6.89,21.6,52.0,0.0,0.0
site-a,2026-09-08T00:00:00Z,0.9831,0.0,26.8,9.33,6.97,22.33,56.5,0.0,0.0
site-a,2026-09-08T01:00:00Z,0.9831,0.0,26.2,9.35,6.87,21.53,56.1,0.0,0.0
site-a,2026-09-08T02:00:00Z,0.9831,0.0,25.97,9.25,6.86,21.99,56.7,0.0,0.0
site-a,2026-09-08T03:00:00Z,0.9831,0.0,25.29,9.38,6.84,22.06,51.2,0.0,0.0
site-a,2026-09-08T04:00:00Z,0.9831,0.0,25.55,9.36,6.66,23.05,56.3,0.0,0.0
site-a,2026-09-08T05:00:00Z,0.9831,0.0,26.38,9.33,6.89,20.89,54.4,0.0,0.0
site-a,2026-09-08T06:00:00Z,0.984,40.3136,27.19,9.51,8.38,18.89,56.4,110.4,0.0
site-a,2026-09-08T07:00:00Z,0.9863,104.3764,28.53,9.84,10.54,14.87,53.7,606.0,0.0
site-a,2026-09-08T08:00:00Z,0.9888,108.9475,29.19,9.86,11.03,12.34,51.6,1063.1,0.0
site-a,2026-09-08T09:00:00Z,0.9916,130.4185,30.8,9.88,11.08,12.25,52.5,1452.7,0.0
site-a,2026-09-08T10:00:00Z,0.9946,134.9218,32.5,9.89,11.03,13.0,55.6,1750.2,0.0
site-a,2026-09-08T11:00:00Z,0.9974,126.266,33.6,9.79,10.96,13.6,55.1,1936.5,0.0
site-a,2026-09-08T12:00:00Z,0.9999,111.8793,35.1,9.87,10.56,14.5,55.0,2000.0,0.0
site-a,2026-09-08T13:00:00Z,1.0026,123.5445,35.31,9.79,10.6,13.41,54.7,1936.5,0.0
site-a,2026-09-08T14:00:00Z,1.0055,130.6135,36.41,9.87,11.06,13.7,56.6,1750.2,0.0
site-a,2026-09-08T15:00:00Z,1.0083,125.7923,36.82,9.88,11.25,12.15,54.2,1452.7,0.0
site-a,2026-09-08T16:00:00Z,1.0111,128.6799,36.6,9.88,11.03,13.11,54.5,1063.1,0.0
site-a,2026-09-08T17:00:00Z,1.0134,102.1166,35.98,9.82,10.54,14.06,56.2,606.0,0.0
site-a,2026-09-08T18:00:00Z,1.0143,43.1284,34.47,9.48,8.39,18.0,56.6,110.4,0.0
site-a,2026-09-08T19:00:00Z,1.0143,0.0,33.98,9.33,6.92,22.3,54.8,0.0,0.0
site-a,2026-09-08T20:00:00Z,1.0143,0.0,32.34,9.33,6.81,22.41,55.7,0.0,0.0
site-a,2026-09-08T21:00:00Z,1.0143,0.0,30.74,9.39,6.64,21.76,58.2,0.0,0.0
site-a,2026-09-08T22:00:00Z,1.0143,0.0,29.77,9.33,6.67,22.62,55.8,0.0,0.0
site-a,2026-09-08T23:00:00Z,1.0143,0.0,28.06,9.34,6.69,23.04,54.4,0.0,0.0
site-a,2026-09-09T00:00:00Z,1.0143,0.0,26.74,9.32,6.78,22.17,55.5,0.0,0.0
site-a,2026-09-09T01:00:00Z,1.0143,0.0,25.95,9.36,6.92,22.12,55.2,0.0,0.0
site-a,2026-09-09T02:00:00Z,1.0143,0.0,25.63,9.39,6.83,21.56,55.9,0.0,0.0
site-a,2026-09-09T03:00:00Z,1.0143,0.0,25.84,9.37,6.57,22.89,54.2,0.0,0.0
site-a,2026-09-09T04:00:00Z,1.0143,0.0,25.72,9.35,6.86,22.45,55.9,0.0,0.0
site-a,2026-09-09T05:00:00Z,1.0143,0.0,26.84,9.35,6.76,21.86,57.0,0.0,0.0
site-a,2026-09-09T06:00:00Z,1.0151,34.7124,27.28,9.52,8.72,18.18,54.9,102.0,0.0
site-a,2026-09-09T07:00:00Z,1.017,87.0092,28.36,9.81,10.67,14.19,54.0,599.3,0.0
site-a,2026-09-09T08:00:00Z,1.0194,105.682,29.32,9.88,11.18,12.39,55.5,1058.3,0.0
site-a,2026-09-09T09:00:00Z,1.0219,115.9363,31.11,9.91,11.22,12.86,55.3,1449.8,0.0
site-a,2026-09-09T10:00:00Z,1.0244,113.3613,32.72,9.9,10.87,13.51,57.8,1748.8,0.0
site-a,2026-09-09T11:00:00Z,1.0269,110.8197,33.34,9.83,10.87,13.95,57.0,1936.2,0.0
site-a,2026-09-09T12:00:00Z,1.0291,102.257,34.8,9.83,10.23,13.64,54.6,2000.0,0.0
site-a,2026-09-09T13:00:00Z,1.0314,101.8257,35.41,9.86,10.7,13.38,54.7,1936.2,0.0
site-a,2026-09-09T14:00:00Z,1.0338,108.9539,36.21,9.91,10.66,12.63,53.7,1748.8,0.0
site-a,2026-09-09T15:00:00Z,1.0364,117.31,36.25,9.95,11.26,12.12,56.3,1449.8,0.0
site-a,2026-09-09T16:00:00Z,1.0389,116.1061,36.41,9.88,10.86,12.4,55.4,1058.3,0.0
site-a,2026-09-09T17:00:00Z,1.0413,105.6889,36.06,9.87,10.57,14.18,55.7,599.3,0.0
site-a,2026-09-09T18:00:00Z,1.0422,39.7532,34.77,9.52,8.22,18.41,56.8,102.0,0.0
site-a,2026-09-09T19:00:00Z,1.0422,0.0,33.99,9.33,6.63,21.93,57.0,0.0,0.0
site-a,2026-09-09T20:00:00Z,1.0422,0.0,32.49,9.32,6.65,21.83,57.5,0.0,0.0
site-a,2026-09-09T21:00:00Z,1.0422,0.0,30.82,9.35,7.02,21.76,55.7,0.0,0.0
site-a,2026-09-09T22:00:00Z,1.0422,0.0,29.26,9.37,6.81,22.12,57.0,0.0,0.0
site-a,2026-09-09T23:00:00Z,1.0422,0.0,28.36,9.35,7.02,20.45,55.9,0.0,0.0
site-a,2026-09-10T00:00:00Z,1.0422,0.0,26.82,9.34,6.89,21.85,57.2,0.0,0.0
site-a,2026-09-10T01:00:00Z,1.0422,0.0,26.02,9.37,7.04,22.22,55.2,0.0,0.0
site-a,2026-09-10T02:00:00Z,1.0422,0.0,25.61,9.37,6.44,22.17,56.6,0.0,0.0
site-a,2026-09-10T03:00:00Z,1.0422,0.0,25.78,9.36,6.97,21.69,57.8,0.0,0.0
site-a,2026-09-10T04:00:00Z,1.0422,0.0,25.68,9.36,6.99,21.35,59.8,0.0,0.0
site-a,2026-09-10T05:00:00Z,1.0422,0.0,26.52,9.44,6.68,22.61,58.9,0.0,0.0
site-a,2026-09-10T06:00:00Z,1.0428,28.3969,27.14,9.51,8.15,18.32,55.2,93.4,0.0
site-a,2026-09-10T07:00:00Z,1.0445,75.6215,27.47,9.79,10.42,14.96,55.2,592.5,0.0
site-a,2026-09-10T08:00:00Z,1.0463,84.9399,29.36,9.92,10.9,12.75,56.6,1053.5,0.0
site-a,2026-09-10T09:00:00Z,1.0488,113.2493,31.25,9.85,11.38,12.11,55.6,1446.9,0.0
site-a,2026-09-10T10:00:00Z,0.6833,109.2757,32.27,9.88,11.03,13.24,41.6,1747.4,0.3679
site-a,2026-09-10T11:00:00Z,0.687,168.4522,34.18,9.83,10.67,13.71,43.5,1935.8,0.0
site-a,2026-09-10T12:00:00Z,0.691,180.5728,35.08,9.81,10.4,13.22,40.7,2000.0,0.0
site-a,2026-09-10T13:00:00Z,0.6951,183.0189,35.46,9.89,10.78,13.21,41.2,1935.8,0.0
site-a,2026-09-10T14:00:00Z,0.6997,208.1715,36.31,9.88,11.27,12.54,44.2,1747.4,0.0
site-a,2026-09-10T15:00:00Z,0.7042,205.0966,36.59,9.9,11.18,12.56,43.3,1446.9,0.0
site-a,2026-09-10T16:00:00Z,0.7086,199.9505,36.55,9.87,11.08,13.05,41.0,1053.5,0.0
site-a,2026-09-10T17:00:00Z,0.7122,160.8312,35.67,9.82,10.41,14.09,43.9,592.5,0.0
site-a,2026-09-10T18:00:00Z,0.7136,64.4383,35.09,9.5,8.19,19.83,46.0,93.4,0.0
site-a,2026-09-10T19:00:00Z,0.7136,0.0,34.04,9.37,6.41,21.91,43.2,0.0,0.0
site-a,2026-09-10T20:00:00Z,0.7136,0.0,32.37,9.35,6.9,21.44,44.4,0.0,0.0
site-a,2026-09-10T21:00:00Z,0.7136,0.0,31.19,9.34,6.58,22.26,43.4,0.0,0.0
site-a,2026-09-10T22:00:00Z,0.7136,0.0,29.95,9.35,6.63,22.07,44.3,0.0,0.0
site-a,2026-09-10T23:00:00Z,0.7136,0.0,28.3,9.37,6.88,21.84,45.3,0.0,0.0
site-a,2026-09-11T00:00:00Z,0.7136,0.0,27.15,9.34,6.93,22.5,47.3,0.0,0.0
site-a,2026-09-11T01:00:00Z,0.7136,0.0,26.35,9.39,6.64,22.04,44.0,0.0,0.0
site-a,2026-09-11T02:00:00Z,0.7136,0.0,25.83,9.33,6.83,21.39,44.1,0.0,0.0
site-a,2026-09-11T03:00:00Z,0.7136,0.0,26.02,9.37,6.63,22.15,45.9,0.0,0.0
site-a,2026-09-11T04:00:00Z,0.7136,0.0,25.99,9.35,6.66,21.62,44.5,0.0,0.0
site-a,2026-09-11T05:00:00Z,0.7136,0.0,26.34,9.34,6.8,22.01,42.5,0.0,0.0
site-a,2026-09-11T06:00:00Z,0.7146,46.2824,27.14,9.52,8.16,19.4,44.5,84.8,0.0
site-a,2026-09-11T07:00:00Z,0.7178,142.4173,28.04,9.81,10.79,13.31,45.2,585.6,0.0
site-a,2026-09-11T08:00:00Z,0.7214,165.9794,29.6,9.9,10.46,13.0,42.4,1048.6,0.0
site-a,2026-09-11T09:00:00Z,0.7257,192.5218,30.86,9.97,11.22,13.69,43.8,1443.9,0.0
site-a,2026-09-11T10:00:00Z,0.7295,172.5368,32.22,9.87,11.2,13.42,45.1,1746.0,0.0
site-a,2026-09-11T11:00:00Z,0.7336,187.1544,33.41,9.84,10.58,14.24,44.7,1935.5,0.0
site-a,2026-09-11T12:00:00Z,0.7378,186.989,35.07,9.84,10.45,14.03,46.1,2000.0,0.0
site-a,2026-09-11T13:00:00Z,0.7415,168.1563,35.76,9.82,10.82,15.34,45.9,1935.5,0.0
site-a,2026-09-11T14:00:00Z,0.7455,179.5875,36.33,9.89,11.17,13.46,46.9,1746.0,0.0
site-a,2026-09-11T15:00:00Z,0.7502,213.425,36.36,9.91,11.03,12.94,46.5,1443.9,0.0
site-a,2026-09-11T16:00:00Z,0.7542,182.6019,36.08,9.94,11.01,12.95,46.1,1048.6,0.0
site-a,2026-09-11T17:00:00Z,0.758,172.5616,35.88,9.83,10.35,14.99,46.0,585.6,0.0
site-a,2026-09-11T18:00:00Z,0.7593,59.164,34.55,9.53,7.93,19.34,46.2,84.8,0.0
site-a,2026-09-11T19:00:00Z,0.7593,0.0,33.62,9.35,6.87,21.98,45.1,0.0,0.0
site-a,2026-09-11T20:00:00Z,0.7593,0.0,32.46,9.31,6.72,21.6,46.5,0.0,0.0
site-a,2026-09-11T21:00:00Z,0.7593,0.0,31.12,9.36,6.97,22.31,44.9,0.0,0.0
site-a,2026-09-11T22:00:00Z,0.7593,0.0,29.13,9.33,6.91,22.36,45.1,0.0,0.0
site-a,2026-09-11T23:00:00Z,0.7593,0.0,28.81,9.38,7.09,22.56,45.6,0.0,0.0
site-b,2026-08-01T00:00:00Z,0.336,0.0,16.2,7.15,6.98,21.86,36.6,0.0,0.0
site-b,2026-08-01T01:00:00Z,0.3361,0.0,15.64,7.18,6.82,21.85,37.0,0.0,0.0
site-b,2026-08-01T02:00:00Z,0.3362,0.0,14.88,7.12,6.88,21.72,37.2,0.0,0.0
site-b,2026-08-01T03:00:00Z,0.3363,0.0,14.04,7.1,6.72,21.58,36.1,0.0,0.0
site-b,2026-08-01T04:00:00Z,0.3365,0.0,14.58,7.15,6.84,22.61,38.4,0.0,0.0
site-b,2026-08-01T05:00:00Z,0.3366,0.0,15.53,7.13,7.11,20.59,37.0,0.0,0.0
site-b,2026-08-01T06:00:00Z,0.3373,14.9554,16.17,7.44,9.15,16.22,37.5,215.9,0.0
site-b,2026-08-01T07:00:00Z,0.3385,23.7958,17.08,7.63,10.55,14.85,37.7,689.4,0.0
site-b,2026-08-01T08:00:00Z,0.34,30.394,18.65,7.67,11.01,13.33,36.5,1122.2,0.0
site-b,2026-08-01T09:00:00Z,0.3416,34.0725,19.78,7.72,11.36,12.51,37.9,1488.6,0.0
site-b,2026-08-01T10:00:00Z,0.3432,33.2087,21.27,7.66,11.16,13.49,36.1,1767.0,0.0
site-b,2026-08-01T11:00:00Z,0.3448,33.3393,22.8,7.67,10.75,13.21,39.6,1940.9,0.0
site-b,2026-08-01T12:00:00Z,0.3462,29.7212,23.46,7.66,10.49,13.97,37.3,2000.0,0.0
site-b,2026-08-01T13:00:00Z,0.3478,33.2659,24.47,7.63,10.58,13.4,39.6,1940.9,0.0
site-b,2026-08-01T14:00:00Z,0.3495,34.764,25.08,7.69,11.34,13.59,38.1,1767.0,0.0
site-b,2026-08-01T15:00:00Z,0.3513,37.2632,25.88,7.67,11.18,12.34,38.2,1488.6,0.0
site-b,2026-08-01T16:00:00Z,0.3529,34.303,25.53,7.65,11.2,13.44,36.6,1122.2,0.0
site-b,2026-08-01T17:00:00Z,0.3545,33.8068,24.81,7.6,10.67,13.33,38.5,689.4,0.0
site-b,2026-08-01T18:00:00Z,0.3555,19.5354,23.95,7.39,8.97,16.64,39.4,215.9,0.0
site-b,2026-08-01T19:00:00Z,0.3556,0.0,22.5,7.16,6.78,22.63,39.2,0.0,0.0
site-b,2026-08-01T20:00:00Z,0.3558,0.0,21.65,7.1,6.86,21.15,37.4,0.0,0.0
site-b,2026-08-01T21:00:00Z,0.3559,0.0,20.07,7.1,6.87,22.87,38.0,0.0,0.0
site-b,2026-08-01T22:00:00Z,0.356,0.0,18.67,7.08,6.76,21.95,39.4,0.0,0.0
site-b,2026-08-01T23:00:00Z,0.3561,0.0,17.7,7.1,6.7,22.06,37.5,0.0,0.0
site-b,2026-08-02T00:00:00Z,0.3562,0.0,16.28,7.14,6.74,22.87,36.7,0.0,0.0
site-b,2026-08-02T01:00:00Z,0.3563,0.0,14.86,7.18,6.62,21.31,38.8,0.0,0.0
site-b,2026-08-02T02:00:00Z,0.3565,0.0,15.15,7.14,6.64,22.69,39.7,0.0,0.0
site-b,2026-08-02T03:00:00Z,0.3566,0.0,14.89,7.15,7.02,23.45,35.6,0.0,0.0
site-b,2026-08-02T04:00:00Z,0.3567,0.0,14.67,7.16,6.76,22.46,39.9,0.0,0.0
site-b,2026-08-02T05:00:00Z,0.3568,0.0,15.06,7.12,6.87,22.57,37.4,0.0,0.0
site-b,2026-08-02T06:00:00Z,0.3576,15.5994,16.08,7.41,9.37,16.93,36.6,212.7,0.0
site-b,2026-08-02T07:00:00Z,0.359,28.9311,17.43,7.66,10.23,13.63,39.2,686.9,0.0
site-b,2026-08-02T08:00:00Z,0.3606,32.8915,18.71,7.66,11.22,12.83,39.3,1120.4,0.0
site-b,2026-08-02T09:00:00Z,0.3624,36.9125,19.89,7.68,10.99,12.49,38.1,1487.5,0.0
site-b,2026-08-02T10:00:00Z,0.364,34.469,21.53,7.73,11.2,12.97,37.5,1766.5,0.0
site-b,2026-08-02T11:00:00Z,0.3657,33.8365,22.39,7.65,10.64,13.69,38.9,1940.7,0.0
site-b,2026-08-02T12:00:00Z,0.3673,33.7784,23.6,7.57,10.82,14.21,37.4,2000.0,0.0
site-b,2026-08-02T13:00:00Z,0.3689,34.1534,24.82,7.6,10.75,13.37,42.0,1940.7,0.0
site-b,2026-08-02T14:00:00Z,0.3708,38.4476,25.47,7.67,11.16,13.46,37.8,1766.5,0.0
site-b,2026-08-02T15:00:00Z,0.3725,36.8396,25.73,7.68,10.97,12.23,38.7,1487.5,0.0
site-b,2026-08-02T16:00:00Z,0.3741,33.6545,25.49,7.67,10.99,12.91,39.7,1120.4,0.0
site-b,2026-08-02T17:00:00Z,0.3758,34.0144,25.07,7.61,10.95,14.2,39.0,686.9,0.0
site-b,2026-08-02T18:00:00Z,0.3768,19.5785,24.07,7.47,9.21,17.33,39.0,212.7,0.0
site-b,2026-08-02T19:00:00Z,0.3769,0.0,22.94,7.21,7.07,21.71,39.2,0.0,0.0
site-b,2026-08-02T20:00:00Z,0.377,0.0,21.49,7.11,6.56,22.03,39.5,0.0,0.0
site-b,2026-08-02T21:00:00Z,0.3771,0.0,20.41,7.17,6.91,21.45,37.8,0.0,0.0
site-b,2026-08-02T22:00:00Z,0.3773,0.0,18.73,7.17,6.97,21.5,37.8,0.0,0.0
site-b,2026-08-02T23:00:00Z,0.3774,0.0,17.4,7.19,6.87,21.38,39.0,0.0,0.0
site-b,2026-08-03T00:00:00Z,0.3775,0.0,15.98,7.22,6.87,22.31,40.4,0.0,0.0
site-b,2026-08-03T01:00:00Z,0.3776,0.0,15.23,7.17,6.92,22.03,38.8,0.0,0.0
site-b,2026-08-03T02:00:00Z,0.3778,0.0,14.86,7.16,6.91,21.87,40.5,0.0,0.0
site-b,2026-08-03T03:00:00Z,0.3779,0.0,14.9,7.16,7.03,21.8,39.1,0.0,0.0
site-b,2026-08-03T04:00:00Z,0.378,0.0,14.74,7.11,7.1,21.54,40.2,0.0,0.0
site-b,2026-08-03T05:00:00Z,0.3781,0.0,15.05,7.21,6.59,21.56,36.9,0.0,0.0
site-b,2026-08-03T06:00:00Z,0.379,15.8739,16.12,7.42,9.11,16.95,39.7,209.5,0.0
site-b,2026-08-03T07:00:00Z,0.3803,26.2143,16.98,7.66,10.48,15.22,40.3,684.4,0.0
site-b,2026-08-03T08:00:00Z,0.3818,30.4814,18.09,7.63,11.26,12.78,39.0,1118.6,0.0
site-b,2026-08-03T09:00:00Z,0.3835,35.4466,20.12,7.67,11.12,12.87,38.5,1486.4,0.0
site-b,2026-08-03T10:00:00Z,0.3851,33.6439,21.88,7.65,11.16,12.6,39.5,1766.0,0.0
site-b,2026-08-03T11:00:00Z,0.3867,33.409,22.96,7.6,10.73,14.43,37.2,1940.6,0.0
site-b,2026-08-03T12:00:00Z,0.3883,33.6107,23.49,7.66,10.52,13.63,38.1,2000.0,0.0
site-b,2026-08-03T13:00:00Z,0.39,36.1747,24.81,7.64,10.89,13.18,39.4,1940.6,0.0
site-b,2026-08-03T14:00:00Z,0.3919,38.2489,24.8,7.71,11.08,13.11,40.6,1766.0,0.0
site-b,2026-08-03T15:00:00Z,0.3938,41.0729,25.41,7.69,11.26,12.37,39.7,1486.4,0.0
site-b,2026-08-03T16:00:00Z,0.3955,33.964,25.06,7.7,11.38,13.2,39.8,1118.6,0.0
site-b,2026-08-03T17:00:00Z,0.3973,37.2586,24.78,7.55,10.53,14.21,39.0,684.4,0.0
site-b,2026-08-03T18:00:00Z,0.3983,21.1192,23.53,7.46,9.19,16.85,42.3,209.5,0.0
site-b,2026-08-03T19:00:00Z,0.3985,0.0,22.72,7.16,7.05,21.68,41.8,0.0,0.0
site-b,2026-08-03T20:00:00Z,0.3986,0.0,22.11,7.12,7.59,21.64,40.9,0.0,0.0
site-b,2026-08-03T21:00:00Z,0.3987,0.0,19.91,7.11,6.67,22.13,41.0,0.0,0.0
site-b,2026-08-03T22:00:00Z,0.3989,0.0,18.43,7.14,6.69,22.14,38.1,0.0,0.0
site-b,2026-08-03T23:00:00Z,0.399,0.0,17.26,7.16,6.75,22.0,42.3,0.0,0.0
site-b,2026-08-04T00:00:00Z,0.3991,0.0,16.17,7.16,6.68,22.6,40.0,0.0,0.0
site-b,2026-08-04T01:00:00Z,0.3992,0.0,15.4,7.11,6.58,22.1,40.9,0.0,0.0
site-b,2026-08-04T02:00:00Z,0.3994,0.0,14.35,7.14,6.81,21.07,38.4,0.0,0.0
site-b,2026-08-04T03:00:00Z,0.3995,0.0,14.69,7.12,6.84,22.23,41.6,0.0,0.0
site-b,2026-08-04T04:00:00Z,0.3996,0.0,14.35,7.16,6.66,20.88,39.8,0.0,0.0
site-b,2026-08-04T05:00:00Z,0.3998,0.0,14.84,7.16,6.72,21.74,41.9,0.0,0.0
site-b,2026-08-04T06:00:00Z,0.4006,16.6686,15.84,7.45,9.21,17.33,40.1,206.2,0.0
site-b,2026-08-04T07:00:00Z,0.4021,30.2107,17.17,7.63,10.43,13.59,39.9,681.8,0.0
site-b,2026-08-04T08:00:00Z,0.4038,33.8265,18.47,7.68,10.74,13.49,38.7,1116.8,0.0
site-b,2026-08-04T09:00:00Z,0.4056,38.9783,19.74,7.77,11.07,12.94,41.7,1485.3,0.0
site-b,2026-08-04T10:00:00Z,0.4074,37.3705,21.54,7.69,11.13,12.88,41.9,1765.4,0.0
site-b,2026-08-04T11:00:00Z,0.409,32.2659,22.56,7.66,10.59,13.43,40.1,1940.5,0.0
site-b,2026-08-04T12:00:00Z,0.4107,34.9246,23.81,7.65,10.67,13.22,39.7,2000.0,0.0
site-b,2026-08-04T13:00:00Z,0.4124,36.7152,24.4,7.69,10.83,13.87,37.5,1940.5,0.0
site-b,2026-08-04T14:00:00Z,0.4142,35.9256,24.79,7.7,10.73,13.4,40.9,1765.4,0.0
site-b,2026-08-04T15:00:00Z,0.4162,42.6565,25.94,7.75,11.44,12.61,41.7,1485.3,0.0
site-b,2026-08-04T16:00:00Z,0.4179,35.0038,24.82,7.67,10.76,12.62,41.7,1116.8,0.0
site-b,2026-08-04T17:00:00Z,0.4197,37.8185,24.75,7.59,10.71,13.21,39.9,681.8,0.0
site-b,2026-08-04T18:00:00Z,0.4208,20.8982,23.85,7.45,8.98,17.04,43.3,206.2,0.0
site-b,2026-08-04T19:00:00Z,0.4209,0.0,22.53,7.1,6.68,20.56,39.3,0.0,0.0
site-b,2026-08-04T20:00:00Z,0.421,0.0,20.94,7.12,6.8,22.16,39.6,0.0,0.0
site-b,2026-08-04T21:00:00Z,0.4212,0.0,19.78,7.12,6.32,21.86,38.3,0.0,0.0
site-b,2026-08-04T22:00:00Z,0.4213,0.0,18.42,7.2,6.66,22.95,39.1,0.0,0.0
site-b,2026-08-04T23:00:00Z,0.4215,0.0,17.0,7.14,6.85,22.27,40.1,0.0,0.0
site-b,2026-08-05T00:00:00Z,0.4216,0.0,16.25,7.18,6.64,21.59,43.4,0.0,0.0
site-b,2026-08-05T01:00:00Z,0.4217,0.0,15.15,7.23,6.83,22.24,40.0,0.0,0.0
site-b,2026-08-05T02:00:00Z,0.4219,0.0,14.78,7.14,6.85,21.54,41.8,0.0,0.0
site-b,2026-08-05T03:00:00Z,0.422,0.0,14.52,7.15,6.73,21.53,40.9,0.0,0.0
site-b,2026-08-05T04:00:00Z,0.4222,0.0,14.53,7.13,6.64,22.77,42.3,0.0,0.0
site-b,2026-08-05T05:00:00Z,0.4223,0.0,15.52,7.17,7.12,22.17,39.3,0.0,0.0
site-b,2026-08-05T06:00:00Z,0.4232,16.8061,16.49,7.49,9.24,17.05,40.3,202.9,0.0
site-b,2026-08-05T07:00:00Z,0.4245,27.3287,17.25,7.61,10.58,15.03,39.7,679.2,0.0
site-b,2026-08-05T08:00:00Z,0.4263,36.3326,18.68,7.62,11.27,12.88,42.5,1115.0,0.0
site-b,2026-08-05T09:00:00Z,0.4282,39.9403,19.9,7.68,11.06,12.56,41.9,1484.2,0.0
site-b,2026-08-05T10:00:00Z,0.43,37.6845,21.5,7.64,10.97,13.89,39.8,1764.9,0.0
site-b,2026-08-05T11:00:00Z,0.4318,36.7172,22.75,7.63,10.42,13.37,41.1,1940.3,0.0
site-b,2026-08-05T12:00:00Z,0.4335,36.1021,24.0,7.67,11.15,14.48,40.0,2000.0,0.0
site-b,2026-08-05T13:00:00Z,0.4353,36.2473,24.55,7.62,10.64,13.6,40.3,1940.3,0.0
site-b,2026-08-05T14:00:00Z,0.4371,37.0971,25.37,7.69,11.01,12.72,42.7,1764.9,0.0
site-b,2026-08-05T15:00:00Z,0.439,39.2825,25.21,7.67,10.95,13.06,44.9,1484.2,0.0
site-b,2026-08-05T16:00:00Z,0.4409,40.1764,25.3,7.72,10.71,13.46,43.1,1115.0,0.0
site-b,2026-08-05T17:00:00Z,0.4426,35.9228,24.94,7.62,10.25,13.57,41.5,679.2,0.0
site-b,2026-08-05T18:00:00Z,0.4437,21.6169,24.06,7.46,9.2,16.49,44.1,202.9,0.0
site-b,2026-08-05T19:00:00Z,0.4439,0.0,22.34,7.13,6.42,22.25,41.9,0.0,0.0
site-b,2026-08-05T20:00:00Z,0.444,0.0,21.11,7.14,6.91,22.56,44.4,0.0,0.0
site-b,2026-08-05T21:00:00Z,0.4442,0.0,19.91,7.13,7.05,22.24,44.9,0.0,0.0
site-b,2026-08-05T22:00:00Z,0.4443,0.0,18.91,7.13,6.97,21.79,41.5,0.0,0.0
site-b,2026-08-05T23:00:00Z,0.4444,0.0,17.36,7.12,7.12,22.25,43.0,0.0,0.0
site-b,2026-08-06T00:00:00Z,0.4446,0.0,16.43,7.17,6.69,22.25,43.9,0.0,0.0
site-b,2026-08-06T01:00:00Z,0.4447,0.0,15.19,7.13,6.86,22.35,40.3,0.0,0.0
site-b,2026-08-06T02:00:00Z,0.4449,0.0,14.67,7.12,6.81,22.31,41.6,0.0,0.0
site-b,2026-08-06T03:00:00Z,0.445,0.0,14.74,7.15,6.84,22.39,43.7,0.0,0.0
site-b,2026-08-06T04:00:00Z,0.4452,0.0,14.85,7.15,6.69,22.27,42.5,0.0,0.0
site-b,2026-08-06T05:00:00Z,0.4453,0.0,15.07,7.14,6.46,21.95,40.2,0.0,0.0
site-b,2026-08-06T06:00:00Z,0.4462,17.0516,16.15,7.43,9.45,17.44,42.8,199.5,0.0
site-b,2026-08-06T07:00:00Z,0.4476,28.6224,17.13,7.63,10.75,14.22,42.9,676.5,0.0
site-b,2026-08-06T08:00:00Z,0.4492,32.7526,18.64,7.64,11.49,13.79,42.0,1113.1,0.0
site-b,2026-08-06T09:00:00Z,0.451,37.5744,20.39,7.7,10.9,12.84,43.3,1483.1,0.0
site-b,2026-08-06T10:00:00Z,0.4529,39.0275,20.99,7.65,11.17,13.25,41.9,1764.4,0.0
site-b,2026-08-06T11:00:00Z,0.4547,37.435,22.82,7.61,10.31,13.76,43.2,1940.2,0.0
site-b,2026-08-06T12:00:00Z,0.4566,38.3071,24.36,7.62,10.84,14.17,40.3,2000.0,0.0
site-b,2026-08-06T13:00:00Z,0.4583,35.7894,24.84,7.64,10.78,13.38,42.0,1940.2,0.0
site-b,2026-08-06T14:00:00Z,0.4601,37.7187,25.59,7.69,11.3,12.76,43.6,1764.4,0.0
site-b,2026-08-06T15:00:00Z,0.4622,43.1826,25.5,7.72,11.18,13.14,43.0,1483.1,0.0
site-b,2026-08-06T16:00:00Z,0.464,37.5171,24.91,7.67,11.45,13.33,44.5,1113.1,0.0
site-b,2026-08-06T17:00:00Z,0.4658,35.4672,25.29,7.62,10.65,13.67,44.2,676.5,0.0
site-b,2026-08-06T18:00:00Z,0.4669,23.178,23.79,7.47,9.23,18.29,43.4,199.5,0.0
site-b,2026-08-06T19:00:00Z,0.4671,0.0,22.69,7.17,6.83,21.45,43.5,0.0,0.0
site-b,2026-08-06T20:00:00Z,0.4672,0.0,21.6,7.15,6.66,21.38,44.7,0.0,0.0
site-b,2026-08-06T21:00:00Z,0.4674,0.0,19.82,7.13,6.38,22.5,42.2,0.0,0.0
site-b,2026-08-06T22:00:00Z,0.4675,0.0,17.97,7.18,6.67,22.55,45.7,0.0,0.0
site-b,2026-08-06T23:00:00Z,0.4677,0.0,17.4,7.13,6.63,22.37,45.7,0.0,0.0
site-b,2026-08-07T00:00:00Z,0.4678,0.0,16.23,7.12,6.97,22.73,48.0,0.0,0.0
site-b,2026-08-07T01:00:00Z,0.468,0.0,15.41,7.15,6.71,22.54,43.6,0.0,0.0
site-b,2026-08-07T02:00:00Z,0.4681,0.0,14.63,7.15,7.07,21.67,43.6,0.0,0.0
site-b,2026-08-07T03:00:00Z,0.4683,0.0,14.54,7.18,6.93,21.89,40.8,0.0,0.0
site-b,2026-08-07T04:00:00Z,0.4684,0.0,14.64,7.18,6.54,21.52,42.6,0.0,0.0
site-b,2026-08-07T05:00:00Z,0.4686,0.0,15.67,7.14,6.76,23.22,44.9,0.0,0.0
site-b,2026-08-07T06:00:00Z,0.4694,15.3731,15.55,7.41,9.15,18.14,42.2,196.0,0.0
site-b,2026-08-07T07:00:00Z,0.4709,30.141,17.48,7.63,10.67,14.19,43.3,673.8,0.0
site-b,2026-08-07T08:00:00Z,0.4726,33.502,18.63,7.7,11.38,12.9,40.9,1111.1,0.0
site-b,2026-08-07T09:00:00Z,0.4744,37.147,19.52,7.7,11.31,12.45,43.6,1481.9,0.0
site-b,2026-08-07T10:00:00Z,0.4762,37.6715,21.43,7.68,11.27,13.4,43.5,1763.8,0.0
site-b,2026-08-07T11:00:00Z,0.4781,38.9756,22.56,7.64,10.73,13.88,41.8,1940.1,0.0
site-b,2026-08-07T12:00:00Z,0.4798,36.1292,23.89,7.62,10.35,13.82,44.1,2000.0,0.0
site-b,2026-08-07T13:00:00Z,0.4815,34.8482,24.78,7.67,11.0,13.82,46.4,1940.1,0.0
site-b,2026-08-07T14:00:00Z,0.4834,39.4144,24.76,7.67,10.86,12.82,46.2,1763.8,0.0
site-b,2026-08-07T15:00:00Z,0.4856,44.6504,25.2,7.69,11.59,12.27,41.6,1481.9,0.0
site-b,2026-08-07T16:00:00Z,0.4874,37.144,25.77,7.66,10.95,13.6,44.1,1111.1,0.0
site-b,2026-08-07T17:00:00Z,0.489,33.7878,24.75,7.59,10.44,14.28,43.5,673.8,0.0
site-b,2026-08-07T18:00:00Z,0.4902,21.8708,23.91,7.45,9.02,16.81,44.0,196.0,0.0
site-b,2026-08-07T19:00:00Z,0.4903,0.0,22.54,7.16,6.72,21.94,44.8,0.0,0.0
site-b,2026-08-07T20:00:00Z,0.4905,0.0,21.23,7.18,6.65,22.92,42.8,0.0,0.0
site-b,2026-08-07T21:00:00Z,0.4906,0.0,20.28,7.1,6.73,22.15,45.8,0.0,0.0
site-b,2026-08-07T22:00:00Z,0.4908,0.0,18.64,7.17,7.03,22.58,45.6,0.0,0.0
site-b,2026-08-07T23:00:00Z,0.491,0.0,17.49,7.18,6.88,22.2,45.2,0.0,0.0
site-b,2026-08-08T00:00:00Z,0.4911,0.0,16.15,7.13,6.89,21.83,44.8,0.0,0.0
site-b,2026-08-08T01:00:00Z,0.4913,0.0,15.34,7.18,6.59,21.51,44.2,0.0,0.0
site-b,2026-08-08T02:00:00Z,0.4914,0.0,14.83,7.18,6.76,22.42,45.0,0.0,0.0
site-b,2026-08-08T03:00:00Z,0.4916,0.0,14.23,7.14,6.84,22.96,45.0,0.0,0.0
site-b,2026-08-08T04:00:00Z,0.4917,0.0,14.88,7.15,6.73,21.84,46.5,0.0,0.0
site-b,2026-08-08T05:00:00Z,0.4919,0.0,15.94,7.14,6.86,22.63,45.2,0.0,0.0
site-b,2026-08-08T06:00:00Z,0.4928,15.8997,16.22,7.42,9.11,17.12,41.5,192.5,0.0
site-b,2026-08-08T07:00:00Z,0.4941,27.5029,17.06,7.65,10.52,13.35,45.3,671.0,0.0
site-b,2026-08-08T08:00:00Z,0.4959,36.6457,18.57,7.68,10.89,13.11,44.0,1109.2,0.0
site-b,2026-08-08T09:00:00Z,0.4979,40.7478,19.91,7.62,11.23,12.59,43.4,1480.7,0.0
site-b,2026-08-08T10:00:00Z,0.4997,36.3128,21.35,7.67,11.15,12.46,47.6,1763.3,0.0
site-b,2026-08-08T11:00:00Z,0.5013,34.2645,22.57,7.66,10.77,13.12,45.9,1939.9,0.0
site-b,2026-08-08T12:00:00Z,0.5031,35.05,24.17,7.63,10.45,13.74,45.6,2000.0,0.0
site-b,2026-08-08T13:00:00Z,0.5049,37.7682,24.86,7.65,10.73,13.95,45.2,1939.9,0.0
site-b,2026-08-08T14:00:00Z,0.5067,37.7953,24.82,7.69,11.17,12.12,45.3,1763.3,0.0
site-b,2026-08-08T15:00:00Z,0.5087,40.5027,25.42,7.67,11.14,12.57,44.9,1480.7,0.0
site-b,2026-08-08T16:00:00Z,0.5106,38.1077,25.16,7.68,10.83,13.38,44.0,1109.2,0.0
site-b,2026-08-08T17:00:00Z,0.5123,36.3808,24.88,7.64,10.67,14.33,44.9,671.0,0.0
site-b,2026-08-08T18:00:00Z,0.5134,20.7928,24.52,7.43,9.2,16.89,47.2,192.5,0.0
site-b,2026-08-08T19:00:00Z,0.5136,0.0,22.93,7.15,6.83,21.82,46.0,0.0,0.0
site-b,2026-08-08T20:00:00Z,0.5138,0.0,21.41,7.17,6.62,22.57,46.8,0.0,0.0
site-b,2026-08-08T21:00:00Z,0.5139,0.0,19.77,7.12,6.89,21.02,44.5,0.0,0.0
site-b,2026-08-08T22:00:00Z,0.5141,0.0,18.75,7.12,6.97,23.0,46.3,0.0,0.0
site-b,2026-08-08T23:00:00Z,0.5142,0.0,17.59,7.09,6.7,22.43,44.6,0.0,0.0
site-b,2026-08-09T00:00:00Z,0.5144,0.0,16.4,7.1,6.74,22.08,44.4,0.0,0.0
site-b,2026-08-09T01:00:00Z,0.5146,0.0,15.09,7.16,6.5,21.43,45.0,0.0,0.0
site-b,2026-08-09T02:00:00Z,0.5147,0.0,14.41,7.14,6.96,21.6,44.7,0.0,0.0
site-b,2026-08-09T03:00:00Z,0.5149,0.0,14.33,7.2,6.86,22.02,44.7,0.0,0.0
site-b,2026-08-09T04:00:00Z,0.5151,0.0,14.96,7.1,6.86,21.7,45.2,0.0,0.0
site-b,2026-08-09T05:00:00Z,0.5152,0.0,15.41,7.13,6.66,22.06,46.4,0.0,0.0
site-b,2026-08-09T06:00:00Z,0.5161,15.0351,15.9,7.46,9.28,17.02,45.5,189.0,0.0
site-b,2026-08-09T07:00:00Z,0.5176,30.5569,17.77,7.59,10.48,13.86,45.6,668.2,0.0
site-b,2026-08-09T08:00:00Z,0.5192,33.2753,18.78,7.67,10.95,12.01,47.4,1107.2,0.0
site-b,2026-08-09T09:00:00Z,0.5211,37.7592,19.75,7.7,11.24,12.55,46.4,1479.5,0.0
site-b,2026-08-09T10:00:00Z,0.5229,37.9264,21.35,7.66,11.17,13.12,43.6,1762.7,0.0
site-b,2026-08-09T11:00:00Z,0.5247,35.835,23.26,7.64,10.77,14.24,46.8,1939.8,0.0
site-b,2026-08-09T12:00:00Z,0.5263,32.2994,23.83,7.62,10.91,14.38,46.1,2000.0,0.0
site-b,2026-08-09T13:00:00Z,0.5279,33.2328,25.09,7.62,10.04,12.8,47.2,1939.8,0.0
site-b,2026-08-09T14:00:00Z,0.5298,38.5114,25.31,7.64,11.21,13.28,46.9,1762.7,0.0
site-b,2026-08-09T15:00:00Z,0.5318,41.232,25.12,7.77,11.17,12.39,48.0,1479.5,0.0
site-b,2026-08-09T16:00:00Z,0.5336,36.5124,25.47,7.7,10.83,13.5,43.2,1107.2,0.0
site-b,2026-08-09T17:00:00Z,0.5353,35.7877,24.71,7.67,10.68,14.45,46.4,668.2,0.0
site-b,2026-08-09T18:00:00Z,0.5365,22.0568,23.64,7.43,9.3,17.09,49.2,189.0,0.0
site-b,2026-08-09T19:00:00Z,0.5367,0.0,22.57,7.12,6.6,21.04,50.1,0.0,0.0
site-b,2026-08-09T20:00:00Z,0.5368,0.0,21.28,7.19,6.73,21.65,46.3,0.0,0.0
site-b,2026-08-09T21:00:00Z,0.537,0.0,20.28,7.17,6.53,21.9,47.7,0.0,0.0
site-b,2026-08-09T22:00:00Z,0.5372,0.0,18.72,7.15,6.87,22.08,47.9,0.0,0.0
site-b,2026-08-09T23:00:00Z,0.5373,0.0,17.33,7.12,6.74,22.29,47.8,0.0,0.0
site-b,2026-08-10T00:00:00Z,0.5375,0.0,16.61,7.16,6.63,21.71,48.8,0.0,0.0
site-b,2026-08-10T01:00:00Z,0.5377,0.0,15.06,7.18,6.84,21.07,45.0,0.0,0.0
site-b,2026-08-10T02:00:00Z,0.5378,0.0,14.26,7.13,6.86,21.74,45.8,0.0,0.0
site-b,2026-08-10T03:00:00Z,0.538,0.0,14.57,7.18,6.68,21.23,47.6,0.0,0.0
site-b,2026-08-10T04:00:00Z,0.5382,0.0,14.85,7.11,6.65,22.3,45.1,0.0,0.0
site-b,2026-08-10T05:00:00Z,0.5383,0.0,15.17,7.18,6.48,20.76,45.0,0.0,0.0
site-b,2026-08-10T06:00:00Z,0.5392,16.1746,15.86,7.43,8.74,17.7,44.3,185.4,0.0
site-b,2026-08-10T07:00:00Z,0.5407,28.4745,17.24,7.64,10.69,15.01,45.2,665.4,0.0
site-b,2026-08-10T08:00:00Z,0.5424,34.6089,18.36,7.66,11.13,12.6,49.3,1105.2,0.0
site-b,2026-08-10T09:00:00Z,0.5441,34.2692,20.18,7.69,11.07,12.91,47.5,1478.3,0.0
site-b,2026-08-10T10:00:00Z,0.5458,34.5329,21.42,7.7,11.1,13.23,45.9,1762.2,0.0
site-b,2026-08-10T11:00:00Z,0.5475,34.5928,22.74,7.61,10.48,13.48,47.8,1939.6,0.0
site-b,2026-08-10T12:00:00Z,0.5491,32.6833,23.62,7.63,10.32,14.32,48.0,2000.0,0.0
site-b,2026-08-10T13:00:00Z,0.5508,33.5948,24.81,7.7,10.65,13.8,46.5,1939.6,0.0
site-b,2026-08-10T14:00:00Z,0.5525,35.0824,24.98,7.65,11.18,13.0,47.8,1762.2,0.0
site-b,2026-08-10T15:00:00Z,0.5545,40.2886,25.91,7.68,11.32,12.52,49.9,1478.3,0.0
site-b,2026-08-10T16:00:00Z,0.5562,36.1075,25.07,7.67,11.2,12.47,48.5,1105.2,0.0
site-b,2026-08-10T17:00:00Z,0.5579,33.1177,24.64,7.59,10.48,14.77,46.1,665.4,0.0
site-b,2026-08-10T18:00:00Z,0.5588,17.6035,23.49,7.45,9.18,18.12,46.8,185.4,0.0
site-b,2026-08-10T19:00:00Z,0.559,0.0,23.04,7.13,6.87,21.72,49.4,0.0,0.0
site-b,2026-08-10T20:00:00Z,0.5592,0.0,21.12,7.12,6.92,22.14,49.8,0.0,0.0
site-b,2026-08-10T21:00:00Z,0.5594,0.0,20.03,7.15,6.51,22.89,47.6,0.0,0.0
site-b,2026-08-10T22:00:00Z,0.5595,0.0,18.24,7.13,6.92,21.66,47.3,0.0,0.0
site-b,2026-08-10T23:00:00Z,0.5597,0.0,17.36,7.09,7.02,21.63,49.3,0.0,0.0
site-b,2026-08-11T00:00:00Z,0.5599,0.0,16.18,7.12,6.65,22.22,47.6,0.0,0.0
site-b,2026-08-11T01:00:00Z,0.5601,0.0,14.94,7.1,6.92,22.23,46.9,0.0,0.0
site-b,2026-08-11T02:00:00Z,0.5602,0.0,14.94,7.08,6.77,21.98,47.8,0.0,0.0
site-b,2026-08-11T03:00:00Z,0.5604,0.0,14.4,7.14,7.13,22.05,47.0,0.0,0.0
site-b,2026-08-11T04:00:00Z,0.5606,0.0,14.97,7.1,6.73,22.53,48.3,0.0,0.0
site-b,2026-08-11T05:00:00Z,0.5608,0.0,15.2,7.12,6.8,21.88,48.4,0.0,0.0
site-b,2026-08-11T06:00:00Z,0.5616,14.5045,16.48,7.46,9.02,17.59,48.1,181.7,0.0
site-b,2026-08-11T07:00:00Z,0.563,28.0088,17.52,7.65,10.53,13.22,47.3,662.5,0.0
site-b,2026-08-11T08:00:00Z,0.5648,35.3708,18.66,7.7,10.82,13.06,47.6,1103.2,0.0
site-b,2026-08-11T09:00:00Z,0.5666,36.5864,20.05,7.73,11.34,12.73,47.7,1477.1,0.0
site-b,2026-08-11T10:00:00Z,0.5683,34.2734,21.14,7.67,10.83,13.18,47.6,1761.6,0.0
site-b,2026-08-11T11:00:00Z,0.5699,32.5026,22.83,7.66,10.53,12.75,47.5,1939.5,0.0
site-b,2026-08-11T12:00:00Z,0.5715,32.8876,23.99,7.64,10.52,14.12,48.1,2000.0,0.0
site-b,2026-08-11T13:00:00Z,0.5731,32.3632,24.93,7.62,10.64,13.17,48.9,1939.5,0.0
site-b,2026-08-11T14:00:00Z,0.5748,34.207,25.39,7.71,10.97,12.68,48.4,1761.6,0.0
site-b,2026-08-11T15:00:00Z,0.5768,40.3049,25.22,7.72,11.42,12.48,49.3,1477.1,0.0
site-b,2026-08-11T16:00:00Z,0.5786,37.248,25.08,7.66,10.94,13.17,47.8,1103.2,0.0
site-b,2026-08-11T17:00:00Z,0.5802,31.3537,24.95,7.63,10.59,13.77,51.3,662.5,0.0
site-b,2026-08-11T18:00:00Z,0.5812,18.2906,23.95,7.41,8.86,17.85,44.1,181.7,0.0
site-b,2026-08-11T19:00:00Z,0.5814,0.0,22.95,7.16,6.8,22.5,49.2,0.0,0.0
site-b,2026-08-11T20:00:00Z,0.5816,0.0,21.34,7.12,6.79,22.25,47.2,0.0,0.0
site-b,2026-08-11T21:00:00Z,0.5817,0.0,19.98,7.13,6.99,21.95,48.6,0.0,0.0
site-b,2026-08-11T22:00:00Z,0.5819,0.0,18.47,7.17,6.74,21.17,48.1,0.0,0.0
site-b,2026-08-11T23:00:00Z,0.5821,0.0,17.23,7.18,6.85,22.59,50.3,0.0,0.0
site-b,2026-08-12T00:00:00Z,0.5823,0.0,16.34,7.13,6.47,21.89,49.4,0.0,0.0
site-b,2026-08-12T01:00:00Z,0.5825,0.0,15.25,7.12,6.74,22.27,47.8,0.0,0.0
site-b,2026-08-12T02:00:00Z,0.5826,0.0,14.9,7.15,6.43,22.44,48.6,0.0,0.0
site-b,2026-08-12T03:00:00Z,0.5828,0.0,14.44,7.17,6.89,21.93,49.1,0.0,0.0
site-b,2026-08-12T04:00:00Z,0.583,0.0,14.61,7.1,6.49,22.78,50.2,0.0,0.0
site-b,2026-08-12T05:00:00Z,0.5832,0.0,15.24,7.18,6.96,21.84,45.8,0.0,0.0
site-b,2026-08-12T06:00:00Z,0.584,15.15,16.48,7.4,8.97,17.83,45.7,178.0,0.0
site-b,2026-08-12T07:00:00Z,0.5853,23.7951,17.27,7.68,10.74,14.38,49.7,659.6,0.0
site-b,2026-08-12T08:00:00Z,0.5869,32.7013,18.24,7.67,11.23,13.14,47.4,1101.1,0.0
site-b,2026-08-12T09:00:00Z,0.5886,33.1453,19.87,7.76,11.04,13.43,49.9,1475.8,0.0
site-b,2026-08-12T10:00:00Z,0.5902,32.2856,21.59,7.71,10.91,12.2,47.5,1761.0,0.0
site-b,2026-08-12T11:00:00Z,0.5918,32.058,23.12,7.63,10.59,13.03,48.7,1939.3,0.0
site-b,2026-08-12T12:00:00Z,0.5935,34.1707,23.75,7.62,10.53,13.76,48.5,2000.0,0.0
site-b,2026-08-12T13:00:00Z,0.5951,32.5304,24.73,7.63,10.66,14.55,47.6,1939.3,0.0
site-b,2026-08-12T14:00:00Z,0.5968,33.4001,25.08,7.76,10.95,12.46,48.0,1761.0,0.0
site-b,2026-08-12T15:00:00Z,0.5986,36.3034,26.0,7.69,11.49,11.05,48.5,1475.8,0.0
site-b,2026-08-12T16:00:00Z,0.6003,34.1364,25.21,7.67,11.14,13.23,50.1,1101.1,0.0
site-b,2026-08-12T17:00:00Z,0.6017,27.8945,24.89,7.59,10.58,13.72,48.8,659.6,0.0
site-b,2026-08-12T18:00:00Z,0.6027,18.4964,23.67,7.45,8.76,17.36,49.0,178.0,0.0
site-b,2026-08-12T19:00:00Z,0.6029,0.0,22.64,7.15,6.55,22.52,48.5,0.0,0.0
site-b,2026-08-12T20:00:00Z,0.6031,0.0,20.92,7.15,6.39,22.38,47.1,0.0,0.0
site-b,2026-08-12T21:00:00Z,0.6033,0.0,20.02,7.2,6.61,23.03,50.3,0.0,0.0
site-b,2026-08-12T22:00:00Z,0.6035,0.0,18.41,7.13,7.01,21.09,50.0,0.0,0.0
site-b,2026-08-12T23:00:00Z,0.6036,0.0,16.98,7.19,6.92,21.43,50.5,0.0,0.0
site-b,2026-08-13T00:00:00Z,0.6038,0.0,16.27,7.17,6.92,21.57,52.2,0.0,0.0
site-b,2026-08-13T01:00:00Z,0.604,0.0,15.93,7.11,6.78,22.21,49.2,0.0,0.0
site-b,2026-08-13T02:00:00Z,0.6042,0.0,15.2,7.15,6.84,21.35,50.0,0.0,0.0
site-b,2026-08-13T03:00:00Z,0.6044,0.0,14.53,7.14,6.45,22.14,50.4,0.0,0.0
site-b,2026-08-13T04:00:00Z,0.6046,0.0,14.87,7.15,6.55,22.28,50.9,0.0,0.0
site-b,2026-08-13T05:00:00Z,0.6048,0.0,15.65,7.15,6.76,21.78,49.7,0.0,0.0
site-b,2026-08-13T06:00:00Z,0.6056,15.0657,16.12,7.47,9.04,17.34,50.7,174.2,0.0
site-b,2026-08-13T07:00:00Z,0.607,26.2437,17.61,7.63,10.41,13.77,49.9,656.6,0.0
site-b,2026-08-13T08:00:00Z,0.6087,34.4276,18.51,7.65,11.43,12.69,50.3,1099.0,0.0
site-b,2026-08-13T09:00:00Z,0.6105,37.1095,20.19,7.69,11.25,12.58,49.1,1474.5,0.0
site-b,2026-08-13T10:00:00Z,0.6122,34.3641,21.32,7.66,10.96,12.54,50.0,1760.4,0.0
site-b,2026-08-13T11:00:00Z,0.6138,31.6844,22.78,7.59,10.6,12.56,48.5,1939.2,0.0
site-b,2026-08-13T12:00:00Z,0.6153,28.7522,23.78,7.61,10.38,14.0,49.3,2000.0,0.0
site-b,2026-08-13T13:00:00Z,0.6169,31.9284,24.84,7.62,10.68,12.96,53.9,1939.2,0.0
site-b,2026-08-13T14:00:00Z,0.6186,33.2571,25.04,7.63,11.34,13.4,50.0,1760.4,0.0
site-b,2026-08-13T15:00:00Z,0.6204,36.6155,25.47,7.67,11.16,12.53,51.5,1474.5,0.0
site-b,2026-08-13T16:00:00Z,0.6222,35.4564,25.26,7.7,11.09,12.37,51.8,1099.0,0.0
site-b,2026-08-13T17:00:00Z,0.6236,28.9676,24.54,7.63,10.38,14.27,51.3,656.6,0.0
site-b,2026-08-13T18:00:00Z,0.6245,16.1165,23.69,7.43,9.1,17.64,51.4,174.2,0.0
site-b,2026-08-13T19:00:00Z,0.6247,0.0,22.82,7.13,6.61,22.2,51.4,0.0,0.0
site-b,2026-08-13T20:00:00Z,0.6249,0.0,21.36,7.17,6.77,22.81,51.3,0.0,0.0
site-b,2026-08-13T21:00:00Z,0.6251,0.0,20.22,7.15,6.69,22.54,51.9,0.0,0.0
site-b,2026-08-13T22:00:00Z,0.6253,0.0,18.81,7.18,6.66,21.85,49.6,0.0,0.0
site-b,2026-08-13T23:00:00Z,0.6255,0.0,17.37,7.16,6.73,21.98,50.6,0.0,0.0
site-b,2026-08-14T00:00:00Z,0.6257,0.0,15.88,7.16,6.43,22.71,52.0,0.0,0.0
site-b,2026-08-14T01:00:00Z,0.6259,0.0,15.13,7.17,6.95,21.94,49.4,0.0,0.0
site-b,2026-08-14T02:00:00Z,0.6261,0.0,14.97,7.19,6.92,21.96,49.5,0.0,0.0
site-b,2026-08-14T03:00:00Z,0.6263,0.0,14.32,7.13,7.19,22.28,50.7,0.0,0.0
site-b,2026-08-14T04:00:00Z,0.6264,0.0,14.92,7.16,6.8,22.19,50.0,0.0,0.0
site-b,2026-08-14T05:00:00Z,0.6266,0.0,15.47,7.16,7.16,21.99,49.1,0.0,0.0
site-b,2026-08-14T06:00:00Z,0.6275,14.5093,16.14,7.44,9.06,17.59,50.2,170.4,0.0
site-b,2026-08-14T07:00:00Z,0.6287,23.9351,17.49,7.58,10.52,13.99,50.4,653.6,0.0
site-b,2026-08-14T08:00:00Z,0.6303,31.2097,19.05,7.65,10.69,12.48,52.1,1096.8,0.0
site-b,2026-08-14T09:00:00Z,0.6321,34.8555,20.04,7.71,11.39,12.7,52.1,1473.2,0.0
site-b,2026-08-14T10:00:00Z,0.6336,30.9524,21.04,7.72,10.71,12.54,49.3,1759.8,0.0
site-b,2026-08-14T11:00:00Z,0.6351,28.4252,22.64,7.6,10.87,14.07,51.3,1939.0,0.0
site-b,2026-08-14T12:00:00Z,0.6366,30.3207,23.84,7.61,10.74,13.2,51.4,2000.0,0.0
site-b,2026-08-14T13:00:00Z,0.6382,32.1922,24.77,7.62,10.74,13.4,50.3,1939.0,0.0
site-b,2026-08-14T14:00:00Z,0.64,34.6776,25.18,7.65,11.23,12.86,49.9,1759.8,0.0
site-b,2026-08-14T15:00:00Z,0.6418,35.9387,25.76,7.71,11.34,13.04,49.7,1473.2,0.0
site-b,2026-08-14T16:00:00Z,0.6434,31.8132,25.31,7.69,11.07,13.1,49.9,1096.8,0.0
site-b,2026-08-14T17:00:00Z,0.6449,29.4356,24.45,7.62,10.3,14.09,53.3,653.6,0.0
site-b,2026-08-14T18:00:00Z,0.6458,16.3042,23.88,7.46,8.85,17.22,52.4,170.4,0.0
site-b,2026-08-14T19:00:00Z,0.646,0.0,22.86,7.22,6.65,21.63,48.2,0.0,0.0
site-b,2026-08-14T20:00:00Z,0.6462,0.0,21.56,7.15,6.57,22.36,52.0,0.0,0.0
site-b,2026-08-14T21:00:00Z,0.6464,0.0,20.23,7.18,7.1,22.12,52.5,0.0,0.0
site-b,2026-08-14T22:00:00Z,0.6466,0.0,18.52,7.17,6.77,22.55,52.8,0.0,0.0
site-b,2026-08-14T23:00:00Z,0.6468,0.0,16.83,7.15,6.76,22.12,50.8,0.0,0.0
site-b,2026-08-15T00:00:00Z,0.647,0.0,15.92,7.11,6.4,22.1,50.2,0.0,0.0
site-b,2026-08-15T01:00:00Z,0.6472,0.0,15.3,7.21,6.86,21.96,50.5,0.0,0.0
site-b,2026-08-15T02:00:00Z,0.6474,0.0,14.26,7.16,6.61,21.59,54.0,0.0,0.0
site-b,2026-08-15T03:00:00Z,0.6476,0.0,14.55,7.13,6.38,22.11,53.6,0.0,0.0
site-b,2026-08-15T04:00:00Z,0.6478,0.0,14.63,7.14,6.76,22.64,51.4,0.0,0.0
site-b,2026-08-15T05:00:00Z,0.648,0.0,15.54,7.18,6.83,21.32,50.1,0.0,0.0
site-b,2026-08-15T06:00:00Z,0.6487,12.5828,15.89,7.38,8.9,17.85,51.6,166.6,0.0
site-b,2026-08-15T07:00:00Z,0.65,25.0983,17.61,7.63,10.59,13.78,50.1,650.5,0.0
site-b,2026-08-15T08:00:00Z,0.6514,27.2081,18.1,7.69,10.97,13.56,51.5,1094.7,0.0
site-b,2026-08-15T09:00:00Z,0.653,31.6263,20.04,7.67,11.37,12.71,54.6,1471.9,0.0
site-b,2026-08-15T10:00:00Z,0.6547,34.2374,21.45,7.66,11.1,13.06,52.7,1759.2,0.0
site-b,2026-08-15T11:00:00Z,0.6563,30.132,23.1,7.63,10.71,14.07,49.8,1938.9,0.0
site-b,2026-08-15T12:00:00Z,0.6578,29.9292,23.47,7.58,10.62,14.05,52.4,2000.0,0.0
site-b,2026-08-15T13:00:00Z,0.6593,29.973,24.72,7.69,10.85,13.46,51.4,1938.9,0.0
site-b,2026-08-15T14:00:00Z,0.6609,30.48,25.41,7.66,10.82,12.88,52.1,1759.2,0.0
site-b,2026-08-15T15:00:00Z,0.6627,35.108,25.69,7.65,11.14,11.54,51.7,1471.9,0.0
site-b,2026-08-15T16:00:00Z,0.6644,35.7494,25.3,7.6,10.92,13.36,50.7,1094.7,0.0
site-b,2026-08-15T17:00:00Z,0.666,30.2255,24.61,7.59,10.33,13.04,49.8,650.5,0.0
site-b,2026-08-15T18:00:00Z,0.6668,14.4777,23.49,7.41,8.51,16.96,52.4,166.6,0.0
site-b,2026-08-15T19:00:00Z,0.667,0.0,22.51,7.12,6.97,22.2,50.4,0.0,0.0
site-b,2026-08-15T20:00:00Z,0.6672,0.0,20.84,7.16,6.47,21.69,53.2,0.0,0.0
site-b,2026-08-15T21:00:00Z,0.6674,0.0,19.76,7.19,6.98,20.92,51.4,0.0,0.0
site-b,2026-08-15T22:00:00Z,0.6676,0.0,18.9,7.14,6.73,22.36,50.9,0.0,0.0
site-b,2026-08-15T23:00:00Z,0.6678,0.0,17.75,7.18,6.73,21.68,51.3,0.0,0.0
site-b,2026-08-16T00:00:00Z,0.668,0.0,15.73,7.17,6.98,22.48,54.1,0.0,0.0
site-b,2026-08-16T01:00:00Z,0.6682,0.0,15.04,7.16,6.88,22.3,52.9,0.0,0.0
site-b,2026-08-16T02:00:00Z,0.6684,0.0,14.6,7.24,6.93,21.44,50.9,0.0,0.0
site-b,2026-08-16T03:00:00Z,0.6686,0.0,14.98,7.19,6.94,21.1,51.7,0.0,0.0
site-b,2026-08-16T04:00:00Z,0.6688,0.0,14.74,7.13,6.47,21.98,54.2,0.0,0.0
site-b,2026-08-16T05:00:00Z,0.669,0.0,15.11,7.12,6.76,21.74,51.1,0.0,0.0
site-b,2026-08-16T06:00:00Z,0.6698,12.557,16.13,7.45,9.01,17.3,54.6,162.7,0.0
site-b,2026-08-16T07:00:00Z,0.6711,24.1539,17.21,7.58,10.71,13.56,52.8,647.4,0.0
site-b,2026-08-16T08:00:00Z,0.6725,28.4557,18.29,7.67,10.74,13.19,50.5,1092.5,0.0
site-b,2026-08-16T09:00:00Z,0.6741,30.7482,19.81,7.7,11.31,12.62,52.0,1470.6,0.0
site-b,2026-08-16T10:00:00Z,0.6757,31.1834,21.52,7.65,11.11,13.05,51.6,1758.5,0.0
site-b,2026-08-16T11:00:00Z,0.6772,29.1177,22.9,7.62,10.69,14.41,51.4,1938.7,0.0
site-b,2026-08-16T12:00:00Z,0.6787,28.3455,24.43,7.63,10.51,14.55,51.2,2000.0,0.0
site-b,2026-08-16T13:00:00Z,0.6801,28.4152,24.94,7.62,10.67,14.22,55.7,1938.7,0.0
site-b,2026-08-16T14:00:00Z,0.6818,32.6356,25.43,7.66,11.35,13.85,52.2,1758.5,0.0
site-b,2026-08-16T15:00:00Z,0.6834,32.8886,25.63,7.66,11.14,12.22,52.3,1470.6,0.0
site-b,2026-08-16T16:00:00Z,0.685,30.1984,25.14,7.61,11.08,13.03,52.1,1092.5,0.0
site-b,2026-08-16T17:00:00Z,0.6864,27.9898,25.0,7.61,10.62,13.8,51.8,647.4,0.0
site-b,2026-08-16T18:00:00Z,0.6873,14.8819,24.04,7.4,8.94,17.41,52.6,162.7,0.0
site-b,2026-08-16T19:00:00Z,0.6875,0.0,22.48,7.14,6.85,21.78,50.8,0.0,0.0
site-b,2026-08-16T20:00:00Z,0.6877,0.0,21.66,7.16,6.71,21.12,53.3,0.0,0.0
site-b,2026-08-16T21:00:00Z,0.6879,0.0,20.34,7.11,7.13,21.93,53.9,0.0,0.0
site-b,2026-08-16T22:00:00Z,0.6881,0.0,18.78,7.24,6.91,22.27,53.1,0.0,0.0
site-b,2026-08-16T23:00:00Z,0.6883,0.0,16.87,7.15,7.0,22.18,51.9,0.0,0.0
site-b,2026-08-17T00:00:00Z,0.6885,0.0,16.12,7.16,6.8,22.03,53.8,0.0,0.0
site-b,2026-08-17T01:00:00Z,0.6888,0.0,15.08,7.18,7.08,21.53,52.4,0.0,0.0
site-b,2026-08-17T02:00:00Z,0.689,0.0,14.12,7.12,6.83,21.41,53.7,0.0,0.0
site-b,2026-08-17T03:00:00Z,0.6892,0.0,14.33,7.19,7.03,22.94,52.6,0.0,0.0
site-b,2026-08-17T04:00:00Z,0.6894,0.0,14.95,7.15,6.56,22.33,53.0,0.0,0.0
site-b,2026-08-17T05:00:00Z,0.6896,0.0,15.35,7.18,6.67,21.1,52.9,0.0,0.0
site-b,2026-08-17T06:00:00Z,0.6903,12.1066,15.67,7.37,8.55,17.35,53.0,158.7,0.0
site-b,2026-08-17T07:00:00Z,0.6916,25.1005,17.23,7.66,10.28,12.89,54.3,644.3,0.0
site-b,2026-08-17T08:00:00Z,0.693,27.1048,19.15,7.64,10.73,13.12,55.8,1090.3,0.0
site-b,2026-08-17T09:00:00Z,0.6946,29.8797,19.92,7.72,11.3,12.66,52.1,1469.3,0.0
site-b,2026-08-17T10:00:00Z,0.6962,31.0089,21.27,7.71,10.86,12.52,53.9,1757.9,0.0
site-b,2026-08-17T11:00:00Z,0.6977,29.7501,22.96,7.6,10.7,12.6,57.2,1938.5,0.0
site-b,2026-08-17T12:00:00Z,0.6992,29.8734,24.14,7.59,10.4,13.71,52.8,2000.0,0.0
site-b,2026-08-17T13:00:00Z,0.7006,26.4033,25.22,7.58,10.93,14.35,55.2,1938.5,0.0
site-b,2026-08-17T14:00:00Z,0.7023,32.9777,25.75,7.64,10.88,13.25,54.7,1757.9,0.0
site-b,2026-08-17T15:00:00Z,0.704,33.0778,25.84,7.7,11.16,12.62,52.2,1469.3,0.0
site-b,2026-08-17T16:00:00Z,0.7055,29.8562,25.38,7.67,11.03,12.57,55.2,1090.3,0.0
site-b,2026-08-17T17:00:00Z,0.7069,26.4552,24.97,7.59,10.72,13.85,54.2,644.3,0.0
site-b,2026-08-17T18:00:00Z,0.7077,14.386,23.75,7.39,8.73,17.82,53.0,158.7,0.0
site-b,2026-08-17T19:00:00Z,0.7079,0.0,22.94,7.15,6.59,23.0,53.7,0.0,0.0
site-b,2026-08-17T20:00:00Z,0.7082,0.0,21.25,7.12,6.99,23.21,52.8,0.0,0.0
site-b,2026-08-17T21:00:00Z,0.7084,0.0,20.06,7.15,6.83,21.14,52.9,0.0,0.0
site-b,2026-08-17T22:00:00Z,0.7086,0.0,18.63,7.14,6.98,22.15,56.1,0.0,0.0
site-b,2026-08-17T23:00:00Z,0.7088,0.0,17.45,7.12,6.77,22.43,53.5,0.0,0.0
site-b,2026-08-18T00:00:00Z,0.709,0.0,16.32,7.12,6.68,21.34,55.2,0.0,0.0
site-b,2026-08-18T01:00:00Z,0.7092,0.0,15.14,7.11,6.73,23.75,53.8,0.0,0.0
site-b,2026-08-18T02:00:00Z,0.7094,0.0,15.09,7.13,6.85,21.69,53.7,0.0,0.0
site-b,2026-08-18T03:00:00Z,0.7096,0.0,14.18,7.09,6.68,22.23,52.0,0.0,0.0
site-b,2026-08-18T04:00:00Z,0.7098,0.0,14.6,7.16,7.04,20.81,51.3,0.0,0.0
site-b,2026-08-18T05:00:00Z,0.7101,0.0,15.26,7.15,6.6,21.22,53.5,0.0,0.0
site-b,2026-08-18T06:00:00Z,0.7108,11.2714,16.1,7.42,8.8,18.21,53.6,154.7,0.0
site-b,2026-08-18T07:00:00Z,0.712,22.8142,16.77,7.62,10.44,14.61,54.6,641.1,0.0
site-b,2026-08-18T08:00:00Z,0.7133,25.53,18.47,7.75,11.11,13.8,55.1,1088.0,0.0
site-b,2026-08-18T09:00:00Z,0.7149,29.9255,20.14,7.71,11.11,12.69,54.9,1467.9,0.0
site-b,2026-08-18T10:00:00Z,0.7163,28.4016,21.14,7.67,11.23,12.8,53.2,1757.3,0.0
site-b,2026-08-18T11:00:00Z,0.7178,28.3484,22.51,7.59,10.93,14.54,54.4,1938.4,0.0
site-b,2026-08-18T12:00:00Z,0.7191,24.4295,23.78,7.62,10.7,14.23,52.2,2000.0,0.0
site-b,2026-08-18T13:00:00Z,0.7206,29.0369,24.94,7.65,10.72,13.27,55.1,1938.4,0.0
site-b,2026-08-18T14:00:00Z,0.7222,30.0082,25.3,7.68,11.64,11.93,52.9,1757.3,0.0
site-b,2026-08-18T15:00:00Z,0.7237,29.075,25.32,7.69,11.27,12.36,55.7,1467.9,0.0
site-b,2026-08-18T16:00:00Z,0.7251,28.3392,25.49,7.68,10.82,13.59,54.2,1088.0,0.0
site-b,2026-08-18T17:00:00Z,0.7264,23.1286,24.68,7.6,10.48,15.24,55.2,641.1,0.0
site-b,2026-08-18T18:00:00Z,0.7272,13.6003,23.76,7.42,9.14,16.76,57.8,154.7,0.0
site-b,2026-08-18T19:00:00Z,0.7274,0.0,22.76,7.21,6.82,22.09,53.6,0.0,0.0
site-b,2026-08-18T20:00:00Z,0.7276,0.0,21.51,7.17,6.91,21.83,52.9,0.0,0.0
site-b,2026-08-18T21:00:00Z,0.7278,0.0,20.15,7.2,6.73,21.43,54.4,0.0,0.0
site-b,2026-08-18T22:00:00Z,0.7281,0.0,18.86,7.1,7.01,21.36,55.8,0.0,0.0
site-b,2026-08-18T23:00:00Z,0.7283,0.0,17.44,7.16,6.65,20.98,55.3,0.0,0.0
site-b,2026-08-19T00:00:00Z,0.7285,0.0,16.02,7.17,6.93,22.53,54.3,0.0,0.0
site-b,2026-08-19T01:00:00Z,0.7287,0.0,14.99,7.12,6.59,21.84,56.1,0.0,0.0
site-b,2026-08-19T02:00:00Z,0.7289,0.0,14.33,7.17,6.8,22.72,55.1,0.0,0.0
site-b,2026-08-19T03:00:00Z,0.7291,0.0,14.48,7.14,6.69,21.02,53.9,0.0,0.0
site-b,2026-08-19T04:00:00Z,0.7293,0.0,15.01,7.15,6.98,22.76,52.0,0.0,0.0
site-b,2026-08-19T05:00:00Z,0.7296,0.0,15.48,7.16,6.75,22.17,58.1,0.0,0.0
site-b,2026-08-19T06:00:00Z,0.7302,9.5437,16.25,7.39,8.65,18.1,56.1,150.6,0.0
site-b,2026-08-19T07:00:00Z,0.7314,22.0187,17.17,7.62,10.75,14.28,53.1,637.9,0.0
site-b,2026-08-19T08:00:00Z,0.7328,27.4667,18.4,7.68,10.88,13.48,53.1,1085.8,0.0
site-b,2026-08-19T09:00:00Z,0.7342,26.7981,20.26,7.67,11.47,12.54,54.7,1466.5,0.0
site-b,2026-08-19T10:00:00Z,0.7357,27.552,21.34,7.68,10.82,13.18,55.4,1756.6,0.0
site-b,2026-08-19T11:00:00Z,0.737,24.8511,22.59,7.63,10.73,13.5,53.6,1938.2,0.0
site-b,2026-08-19T12:00:00Z,0.7384,26.7479,23.86,7.59,10.42,13.9,54.2,2000.0,0.0
site-b,2026-08-19T13:00:00Z,0.7398,25.589,24.64,7.61,10.73,13.45,57.8,1938.2,0.0
site-b,2026-08-19T14:00:00Z,0.7412,27.3773,25.02,7.69,11.09,12.48,55.2,1756.6,0.0
site-b,2026-08-19T15:00:00Z,0.7427,28.4821,25.47,7.69,11.31,12.34,53.1,1466.5,0.0
site-b,2026-08-19T16:00:00Z,0.7441,27.7187,25.15,7.69,10.8,13.02,56.6,1085.8,0.0
site-b,2026-08-19T17:00:00Z,0.7455,26.2232,24.54,7.66,10.33,14.31,56.4,637.9,0.0
site-b,2026-08-19T18:00:00Z,0.7463,12.8983,23.97,7.41,8.96,17.95,54.7,150.6,0.0
site-b,2026-08-19T19:00:00Z,0.7465,0.0,22.7,7.15,6.96,21.8,54.6,0.0,0.0
site-b,2026-08-19T20:00:00Z,0.7467,0.0,21.56,7.1,7.2,21.66,54.6,0.0,0.0
site-b,2026-08-19T21:00:00Z,0.747,0.0,19.79,7.13,6.62,21.82,53.4,0.0,0.0
site-b,2026-08-19T22:00:00Z,0.7472,0.0,18.69,7.16,6.76,22.06,53.7,0.0,0.0
site-b,2026-08-19T23:00:00Z,0.7474,0.0,17.4,7.19,7.19,22.21,53.7,0.0,0.0
site-b,2026-08-20T00:00:00Z,0.7476,0.0,16.4,7.12,6.79,21.49,54.3,0.0,0.0
site-b,2026-08-20T01:00:00Z,0.7478,0.0,15.3,7.16,6.51,22.11,55.3,0.0,0.0
site-b,2026-08-20T02:00:00Z,0.748,0.0,14.58,7.17,6.54,21.82,57.7,0.0,0.0
site-b,2026-08-20T03:00:00Z,0.7483,0.0,14.31,7.14,6.96,21.73,54.4,0.0,0.0
site-b,2026-08-20T04:00:00Z,0.7485,0.0,14.77,7.13,6.67,21.5,55.3,0.0,0.0
site-b,2026-08-20T05:00:00Z,0.7487,0.0,15.24,7.18,6.69,22.31,52.9,0.0,0.0
site-b,2026-08-20T06:00:00Z,0.7494,9.815,16.11,7.35,8.75,17.87,53.9,146.6,0.0
site-b,2026-08-20T07:00:00Z,0.7505,20.4812,17.16,7.61,10.55,13.58,56.3,634.7,0.0
site-b,2026-08-20T08:00:00Z,0.7518,25.0636,18.19,7.71,10.9,12.28,59.1,1083.5,0.0
site-b,2026-08-20T09:00:00Z,0.7533,27.3153,20.35,7.71,11.49,12.67,54.9,1465.1,0.0
site-b,2026-08-20T10:00:00Z,0.7547,27.8267,21.21,7.72,11.03,13.9,55.9,1756.0,0.0
site-b,2026-08-20T11:00:00Z,0.756,24.5958,23.03,7.63,10.68,14.41,56.6,1938.0,0.0
site-b,2026-08-20T12:00:00Z,0.7573,24.734,24.0,7.61,10.52,14.11,55.6,2000.0,0.0
site-b,2026-08-20T13:00:00Z,0.7587,24.7501,24.74,7.62,10.6,13.62,56.3,1938.0,0.0
site-b,2026-08-20T14:00:00Z,0.76,26.1806,25.72,7.69,10.93,12.83,56.4,1756.0,0.0
site-b,2026-08-20T15:00:00Z,0.7614,26.0219,25.49,7.71,11.07,11.86,57.6,1465.1,0.0
site-b,2026-08-20T16:00:00Z,0.7629,28.2877,25.31,7.7,10.49,13.21,55.1,1083.5,0.0
site-b,2026-08-20T17:00:00Z,0.7642,24.2924,24.86,7.57,10.23,15.34,55.0,634.7,0.0
site-b,2026-08-20T18:00:00Z,0.765,11.7552,23.74,7.41,8.76,18.23,57.0,146.6,0.0
site-b,2026-08-20T19:00:00Z,0.7652,0.0,22.23,7.15,6.81,21.96,55.8,0.0,0.0
site-b,2026-08-20T20:00:00Z,0.7654,0.0,21.28,7.16,6.46,22.22,54.2,0.0,0.0
site-b,2026-08-20T21:00:00Z,0.7656,0.0,19.53,7.2,6.8,22.69,53.2,0.0,0.0
site-b,2026-08-20T22:00:00Z,0.7658,0.0,18.3,7.15,6.21,21.24,56.2,0.0,0.0
site-b,2026-08-20T23:00:00Z,0.7661,0.0,17.06,7.18,6.77,22.08,56.1,0.0,0.0
site-b,2026-08-21T00:00:00Z,0.7663,0.0,16.04,7.17,6.67,22.49,55.3,0.0,0.0
site-b,2026-08-21T01:00:00Z,0.7665,0.0,15.49,7.15,6.75,21.69,54.9,0.0,0.0
site-b,2026-08-21T02:00:00Z,0.7667,0.0,15.36,7.1,6.73,22.32,58.1,0.0,0.0
site-b,2026-08-21T03:00:00Z,0.767,0.0,14.56,7.13,6.84,22.35,56.5,0.0,0.0
site-b,2026-08-21T04:00:00Z,0.7672,0.0,14.6,7.08,6.96,22.29,56.2,0.0,0.0
site-b,2026-08-21T05:00:00Z,0.7674,0.0,14.93,7.15,6.89,22.53,56.2,0.0,0.0
site-b,2026-08-21T06:00:00Z,0.7681,9.7613,16.18,7.38,8.73,18.35,55.4,142.4,0.0
site-b,2026-08-21T07:00:00Z,0.7692,19.7212,17.61,7.65,10.47,14.68,57.7,631.4,0.0
site-b,2026-08-21T08:00:00Z,0.7704,22.6959,18.59,7.69,10.93,12.77,56.5,1081.1,0.0
site-b,2026-08-21T09:00:00Z,0.7717,25.339,19.75,7.71,10.96,11.69,55.5,1463.7,0.0
site-b,2026-08-21T10:00:00Z,0.7731,26.6506,21.41,7.65,10.94,12.76,55.5,1755.3,0.0
site-b,2026-08-21T11:00:00Z,0.7744,22.3374,22.8,7.62,10.53,13.93,56.2,1937.9,0.0
site-b,2026-08-21T12:00:00Z,0.7757,26.2353,23.99,7.66,10.28,13.76,58.9,2000.0,0.0
site-b,2026-08-21T13:00:00Z,0.777,24.0743,24.92,7.63,10.62,13.91,57.7,1937.9,0.0
site-b,2026-08-21T14:00:00Z,0.7784,25.5608,25.17,7.71,10.84,13.17,57.5,1755.3,0.0
site-b,2026-08-21T15:00:00Z,0.7798,25.838,25.25,7.71,11.04,12.03,57.2,1463.7,0.0
site-b,2026-08-21T16:00:00Z,0.7812,26.2394,25.72,7.68,10.74,13.03,54.3,1081.1,0.0
site-b,2026-08-21T17:00:00Z,0.7823,20.4105,25.18,7.62,10.78,13.08,57.4,631.4,0.0
site-b,2026-08-21T18:00:00Z,0.783,11.3251,23.94,7.35,8.59,17.39,54.8,142.4,0.0
site-b,2026-08-21T19:00:00Z,0.7833,0.0,23.15,7.12,6.69,22.16,57.0,0.0,0.0
site-b,2026-08-21T20:00:00Z,0.7835,0.0,21.84,7.13,6.74,21.48,54.2,0.0,0.0
site-b,2026-08-21T21:00:00Z,0.7837,0.0,19.63,7.12,7.06,22.08,55.3,0.0,0.0
site-b,2026-08-21T22:00:00Z,0.7839,0.0,18.8,7.19,7.03,21.39,56.7,0.0,0.0
site-b,2026-08-21T23:00:00Z,0.7842,0.0,17.26,7.09,7.13,22.38,60.8,0.0,0.0
site-b,2026-08-22T00:00:00Z,0.7844,0.0,16.33,7.16,6.57,22.28,55.8,0.0,0.0
site-b,2026-08-22T01:00:00Z,0.7846,0.0,15.49,7.16,6.93,22.59,55.7,0.0,0.0
site-b,2026-08-22T02:00:00Z,0.7848,0.0,14.27,7.14,6.72,22.25,55.6,0.0,0.0
site-b,2026-08-22T03:00:00Z,0.7851,0.0,14.49,7.07,6.56,22.36,56.8,0.0,0.0
site-b,2026-08-22T04:00:00Z,0.7853,0.0,14.65,7.2,6.97,22.36,57.5,0.0,0.0
site-b,2026-08-22T05:00:00Z,0.7855,0.0,15.4,7.12,6.8,22.71,57.4,0.0,0.0
site-b,2026-08-22T06:00:00Z,0.7861,8.6481,16.33,7.37,8.54,17.15,57.6,138.2,0.0
site-b,2026-08-22T07:00:00Z,0.7872,17.9943,16.64,7.62,10.57,13.84,56.3,628.1,0.0
site-b,2026-08-22T08:00:00Z,0.7883,20.7041,18.42,7.71,10.8,12.89,55.8,1078.8,0.0
site-b,2026-08-22T09:00:00Z,0.7896,25.0251,20.14,7.67,11.47,13.24,54.8,1462.3,0.0
site-b,2026-08-22T10:00:00Z,0.7909,23.3025,21.52,7.71,10.94,12.61,55.3,1754.6,0.0
site-b,2026-08-22T11:00:00Z,0.7922,23.0384,23.04,7.68,10.91,12.82,57.5,1937.7,0.0
site-b,2026-08-22T12:00:00Z,0.7934,22.5628,23.5,7.66,10.61,14.44,56.3,2000.0,0.0
site-b,2026-08-22T13:00:00Z,0.7947,24.0378,24.82,7.62,11.0,13.07,56.4,1937.7,0.0
site-b,2026-08-22T14:00:00Z,0.796,24.1929,25.63,7.72,11.11,13.2,58.0,1754.6,0.0
site-b,2026-08-22T15:00:00Z,0.7973,24.8428,25.36,7.69,11.22,12.28,56.1,1462.3,0.0
site-b,2026-08-22T16:00:00Z,0.7986,24.1515,25.4,7.64,10.94,13.45,55.5,1078.8,0.0
site-b,2026-08-22T17:00:00Z,0.7997,19.3983,24.51,7.66,10.42,13.56,56.7,628.1,0.0
site-b,2026-08-22T18:00:00Z,0.8004,10.7457,23.47,7.43,8.57,18.22,55.5,138.2,0.0
site-b,2026-08-22T19:00:00Z,0.8006,0.0,22.76,7.11,6.74,22.46,58.0,0.0,0.0
site-b,2026-08-22T20:00:00Z,0.8009,0.0,21.63,7.18,6.62,21.81,57.3,0.0,0.0
site-b,2026-08-22T21:00:00Z,0.8011,0.0,20.19,7.13,6.48,21.4,54.5,0.0,0.0
site-b,2026-08-22T22:00:00Z,0.8013,0.0,18.77,7.14,7.15,22.56,59.6,0.0,0.0
site-b,2026-08-22T23:00:00Z,0.8016,0.0,17.3,7.15,7.0,21.51,58.2,0.0,0.0
site-b,2026-08-23T00:00:00Z,0.8018,0.0,16.41,7.16,6.8,22.62,57.8,0.0,0.0
site-b,2026-08-23T01:00:00Z,0.802,0.0,15.0,7.12,6.83,21.95,57.3,0.0,0.0
site-b,2026-08-23T02:00:00Z,0.8023,0.0,14.74,7.17,6.87,22.2,56.3,0.0,0.0
site-b,2026-08-23T03:00:00Z,0.8025,0.0,14.49,7.15,6.51,21.93,58.1,0.0,0.0
site-b,2026-08-23T04:00:00Z,0.8027,0.0,14.53,7.13,6.7,21.94,57.6,0.0,0.0
site-b,2026-08-23T05:00:00Z,0.8029,0.0,15.25,7.19,6.83,22.03,57.2,0.0,0.0
site-b,2026-08-23T06:00:00Z,0.8035,8.1175,16.38,7.38,8.55,17.91,56.2,134.0,0.0
site-b,2026-08-23T07:00:00Z,0.8046,19.0272,17.21,7.61,10.44,14.65,57.5,624.7,0.0
site-b,2026-08-23T08:00:00Z,0.8058,20.5858,18.61,7.65,10.77,13.46,58.2,1076.4,0.0
site-b,2026-08-23T09:00:00Z,0.565,24.5929,20.44,7.71,11.1,13.32,45.9,1460.8,0.205
site-b,2026-08-23T10:00:00Z,0.5671,45.5843,21.07,7.66,11.01,12.7,48.0,1754.0,0.0
site-b,2026-08-23T11:00:00Z,0.5693,44.9195,22.62,7.63,10.44,13.74,45.8,1937.5,0.0
site-b,2026-08-23T12:00:00Z,0.5713,40.8708,23.69,7.62,10.66,14.13,46.0,2000.0,0.0
site-b,2026-08-23T13:00:00Z,0.5732,40.0843,24.85,7.66,10.8,14.61,48.4,1937.5,0.0
site-b,2026-08-23T14:00:00Z,0.5753,43.8098,24.81,7.69,11.08,13.65,45.2,1754.0,0.0
site-b,2026-08-23T15:00:00Z,0.5778,51.5339,25.32,7.67,11.24,13.39,46.8,1460.8,0.0
site-b,2026-08-23T16:00:00Z,0.58,45.7992,25.59,7.65,11.25,13.29,46.8,1076.4,0.0
site-b,2026-08-23T17:00:00Z,0.5819,38.4225,24.76,7.6,10.62,13.36,45.5,624.7,0.0
site-b,2026-08-23T18:00:00Z,0.5829,19.3805,23.69,7.34,8.52,17.79,46.0,134.0,0.0
site-b,2026-08-23T19:00:00Z,0.5831,0.0,22.75,7.13,6.83,21.16,45.1,0.0,0.0
site-b,2026-08-23T20:00:00Z,0.5832,0.0,21.16,7.2,6.66,22.46,47.3,0.0,0.0
site-b,2026-08-23T21:00:00Z,0.5834,0.0,19.94,7.13,6.49,22.43,48.5,0.0,0.0
site-b,2026-08-23T22:00:00Z,0.5836,0.0,18.32,7.17,6.92,22.12,44.8,0.0,0.0
site-b,2026-08-23T23:00:00Z,0.5837,0.0,17.14,7.18,7.08,21.57,46.8,0.0,0.0
site-b,2026-08-24T00:00:00Z,0.5839,0.0,15.57,7.16,6.61,22.16,45.0,0.0,0.0
site-b,2026-08-24T01:00:00Z,0.5841,0.0,14.82,7.12,6.89,22.1,48.2,0.0,0.0
site-b,2026-08-24T02:00:00Z,0.5842,0.0,15.03,7.16,6.67,22.31,46.9,0.0,0.0
site-b,2026-08-24T03:00:00Z,0.5844,0.0,14.35,7.12,6.68,21.46,46.0,0.0,0.0
site-b,2026-08-24T04:00:00Z,0.5845,0.0,14.7,7.16,6.82,21.62,47.5,0.0,0.0
site-b,2026-08-24T05:00:00Z,0.5847,0.0,14.82,7.16,6.79,22.03,47.0,0.0,0.0
site-b,2026-08-24T06:00:00Z,0.5855,15.0149,16.28,7.36,8.53,18.29,45.6,129.8,0.0
site-b,2026-08-24T07:00:00Z,0.5874,36.9505,16.9,7.69,10.33,14.82,45.6,621.4,0.0
site-b,2026-08-24T08:00:00Z,0.5893,39.2313,18.32,7.67,11.08,13.44,46.4,1074.0,0.0
site-b,2026-08-24T09:00:00Z,0.5915,47.1848,19.76,7.71,11.08,12.94,47.2,1459.4,0.0
site-b,2026-08-24T10:00:00Z,0.5937,44.4937,21.25,7.69,10.84,12.85,44.3,1753.3,0.0
site-b,2026-08-24T11:00:00Z,0.5956,38.9128,22.51,7.66,10.52,13.79,46.2,1937.3,0.0
site-b,2026-08-24T12:00:00Z,0.5976,42.3867,23.97,7.63,10.68,13.99,45.9,2000.0,0.0
site-b,2026-08-24T13:00:00Z,0.5999,48.1342,24.7,7.61,10.92,14.69,44.4,1937.3,0.0
site-b,2026-08-24T14:00:00Z,0.602,42.0629,25.75,7.61,10.9,13.43,49.7,1753.3,0.0
site-b,2026-08-24T15:00:00Z,0.6042,46.4073,25.54,7.74,11.49,12.09,47.3,1459.4,0.0
site-b,2026-08-24T16:00:00Z,0.6064,44.4024,25.18,7.72,11.03,12.45,48.6,1074.0,0.0
site-b,2026-08-24T17:00:00Z,0.6083,39.8271,25.26,7.63,10.59,14.41,47.5,621.4,0.0
site-b,2026-08-24T18:00:00Z,0.6094,20.7421,24.0,7.37,8.44,18.47,47.8,129.8,0.0
site-b,2026-08-24T19:00:00Z,0.6096,0.0,23.21,7.17,6.84,21.78,48.8,0.0,0.0
site-b,2026-08-24T20:00:00Z,0.6097,0.0,21.48,7.12,6.56,21.5,48.1,0.0,0.0
site-b,2026-08-24T21:00:00Z,0.6099,0.0,20.05,7.16,6.81,21.81,46.8,0.0,0.0
site-b,2026-08-24T22:00:00Z,0.6101,0.0,18.47,7.12,6.54,21.8,49.2,0.0,0.0
site-b,2026-08-24T23:00:00Z,0.6103,0.0,17.84,7.15,6.84,22.11,46.9,0.0,0.0
site-b,2026-08-25T00:00:00Z,0.6104,0.0,16.09,7.15,6.86,22.28,48.7,0.0,0.0
site-b,2026-08-25T01:00:00Z,0.6106,0.0,15.39,7.19,7.05,20.43,45.7,0.0,0.0
site-b,2026-08-25T02:00:00Z,0.6108,0.0,14.27,7.11,6.95,21.84,45.2,0.0,0.0
site-b,2026-08-25T03:00:00Z,0.6109,0.0,14.21,7.15,6.75,22.64,47.8,0.0,0.0
site-b,2026-08-25T04:00:00Z,0.6111,0.0,14.69,7.08,6.84,22.27,47.7,0.0,0.0
site-b,2026-08-25T05:00:00Z,0.6113,0.0,15.42,7.08,6.8,22.21,43.8,0.0,0.0
site-b,2026-08-25T06:00:00Z,0.6121,14.8038,16.18,7.32,8.51,18.33,47.2,125.5,0.0
site-b,2026-08-25T07:00:00Z,0.6138,34.0965,17.02,7.6,10.4,14.55,45.9,617.9,0.0
site-b,2026-08-25T08:00:00Z,0.6159,42.645,18.28,7.72,10.71,12.78,50.1,1071.6,0.0
site-b,2026-08-25T09:00:00Z,0.6181,46.7285,19.74,7.68,11.12,11.99,48.0,1457.9,0.0
site-b,2026-08-25T10:00:00Z,0.6204,47.3097,21.38,7.65,11.29,12.5,46.8,1752.6,0.0
site-b,2026-08-25T11:00:00Z,0.6224,41.3852,22.87,7.6,10.58,13.94,45.2,1937.2,0.0
site-b,2026-08-25T12:00:00Z,0.6244,41.1791,24.22,7.58,10.68,13.3,48.1,2000.0,0.0
site-b,2026-08-25T13:00:00Z,0.6267,47.1402,24.39,7.7,10.58,13.92,49.1,1937.2,0.0
site-b,2026-08-25T14:00:00Z,0.6288,43.7623,25.59,7.75,10.95,13.18,49.4,1752.6,0.0
site-b,2026-08-25T15:00:00Z,0.6311,48.3365,25.48,7.68,11.42,12.28,50.0,1457.9,0.0
site-b,2026-08-25T16:00:00Z,0.6333,45.5774,25.5,7.69,10.59,13.1,46.8,1071.6,0.0
site-b,2026-08-25T17:00:00Z,0.6353,40.6403,24.88,7.66,10.47,15.32,49.2,617.9,0.0
site-b,2026-08-25T18:00:00Z,0.6363,18.5565,23.72,7.35,8.63,18.25,49.1,125.5,0.0
site-b,2026-08-25T19:00:00Z,0.6365,0.0,22.29,7.12,6.89,21.93,48.1,0.0,0.0
site-b,2026-08-25T20:00:00Z,0.6367,0.0,21.76,7.21,6.75,22.01,49.0,0.0,0.0
site-b,2026-08-25T21:00:00Z,0.6369,0.0,20.08,7.16,6.73,21.61,47.6,0.0,0.0
site-b,2026-08-25T22:00:00Z,0.637,0.0,18.72,7.13,7.14,22.32,47.9,0.0,0.0
site-b,2026-08-25T23:00:00Z,0.6372,0.0,17.36,7.09,6.89,21.68,48.7,0.0,0.0
site-b,2026-08-26T00:00:00Z,0.6374,0.0,15.9,7.17,6.68,22.02,46.6,0.0,0.0
site-b,2026-08-26T01:00:00Z,0.6376,0.0,15.6,7.16,6.86,22.26,48.9,0.0,0.0
site-b,2026-08-26T02:00:00Z,0.6378,0.0,14.64,7.1,6.86,21.83,47.1,0.0,0.0
site-b,2026-08-26T03:00:00Z,0.6379,0.0,14.37,7.07,6.91,21.81,51.2,0.0,0.0
site-b,2026-08-26T04:00:00Z,0.6381,0.0,14.67,7.15,7.17,21.1,50.8,0.0,0.0
site-b,2026-08-26T05:00:00Z,0.6383,0.0,15.44,7.18,7.09,22.0,49.1,0.0,0.0
site-b,2026-08-26T06:00:00Z,0.6391,13.655,16.06,7.36,8.8,17.78,48.3,121.1,0.0
site-b,2026-08-26T07:00:00Z,0.6408,35.315,17.06,7.64,10.37,14.53,46.7,614.5,0.0
site-b,2026-08-26T08:00:00Z,0.6428,40.6185,18.44,7.68,10.97,13.58,47.7,1069.1,0.0
site-b,2026-08-26T09:00:00Z,0.6449,43.7854,20.23,7.71,11.31,11.48,49.6,1456.4,0.0
site-b,2026-08-26T10:00:00Z,0.6471,44.9261,21.55,7.68,11.06,13.26,48.6,1751.9,0.0
site-b,2026-08-26T11:00:00Z,0.6491,40.8484,22.68,7.62,10.76,14.06,49.4,1937.0,0.0
site-b,2026-08-26T12:00:00Z,0.6511,40.8389,23.87,7.61,10.9,14.18,46.4,2000.0,0.0
site-b,2026-08-26T13:00:00Z,0.6531,41.7041,24.68,7.63,10.72,14.02,47.6,1937.0,0.0
site-b,2026-08-26T14:00:00Z,0.6554,45.836,25.44,7.66,11.13,12.68,49.4,1751.9,0.0
site-b,2026-08-26T15:00:00Z,0.6574,42.2355,25.52,7.72,11.7,13.3,49.2,1456.4,0.0
site-b,2026-08-26T16:00:00Z,0.6595,42.9886,25.44,7.65,10.97,13.28,49.7,1069.1,0.0
site-b,2026-08-26T17:00:00Z,0.6615,41.0002,24.43,7.53,10.13,14.99,48.4,614.5,0.0
site-b,2026-08-26T18:00:00Z,0.6626,19.1533,24.15,7.34,8.62,19.3,52.0,121.1,0.0
site-b,2026-08-26T19:00:00Z,0.6627,0.0,22.57,7.12,7.05,21.45,49.3,0.0,0.0
site-b,2026-08-26T20:00:00Z,0.6629,0.0,21.56,7.16,6.63,23.37,50.2,0.0,0.0
site-b,2026-08-26T21:00:00Z,0.6631,0.0,20.41,7.15,6.55,22.07,50.7,0.0,0.0
site-b,2026-08-26T22:00:00Z,0.6633,0.0,18.53,7.1,6.67,22.34,49.4,0.0,0.0
site-b,2026-08-26T23:00:00Z,0.6635,0.0,17.47,7.14,6.97,21.44,50.7,0.0,0.0
site-b,2026-08-27T00:00:00Z,0.6637,0.0,15.97,7.13,7.01,21.58,47.4,0.0,0.0
site-b,2026-08-27T01:00:00Z,0.6639,0.0,15.12,7.14,6.8,21.55,51.8,0.0,0.0
site-b,2026-08-27T02:00:00Z,0.664,0.0,14.96,7.15,6.55,22.02,49.3,0.0,0.0
site-b,2026-08-27T03:00:00Z,0.6642,0.0,14.51,7.17,6.6,22.52,52.4,0.0,0.0
site-b,2026-08-27T04:00:00Z,0.6644,0.0,14.59,7.14,6.94,22.53,48.7,0.0,0.0
site-b,2026-08-27T05:00:00Z,0.6646,0.0,14.97,7.14,6.62,22.29,46.6,0.0,0.0
site-b,2026-08-27T06:00:00Z,0.6654,13.6181,16.32,7.3,8.33,17.54,49.8,116.8,0.0
site-b,2026-08-27T07:00:00Z,0.667,32.2106,17.08,7.63,10.3,13.72,49.7,611.0,0.0
site-b,2026-08-27T08:00:00Z,0.669,41.7174,18.63,7.66,10.74,12.2,50.4,1066.7,0.0
site-b,2026-08-27T09:00:00Z,0.6712,43.5982,20.11,7.7,11.2,12.65,51.0,1454.9,0.0
site-b,2026-08-27T10:00:00Z,0.6734,45.1955,21.1,7.66,10.96,12.46,49.5,1751.2,0.0
site-b,2026-08-27T11:00:00Z,0.6753,38.8372,22.84,7.66,10.6,13.51,48.8,1936.8,0.0
site-b,2026-08-27T12:00:00Z,0.6772,38.4365,24.06,7.62,10.69,14.07,49.7,2000.0,0.0
site-b,2026-08-27T13:00:00Z,0.6794,45.2267,24.73,7.6,10.73,14.8,47.4,1936.8,0.0
site-b,2026-08-27T14:00:00Z,0.6815,42.6908,25.58,7.7,10.99,13.57,50.6,1751.2,0.0
site-b,2026-08-27T15:00:00Z,0.6836,44.6908,25.34,7.67,11.38,13.29,49.3,1454.9,0.0
site-b,2026-08-27T16:00:00Z,0.6858,43.9555,25.69,7.68,11.02,12.8,51.4,1066.7,0.0
site-b,2026-08-27T17:00:00Z,0.6877,39.5328,24.52,7.59,10.37,14.19,52.1,611.0,0.0
site-b,2026-08-27T18:00:00Z,0.6887,17.614,23.66,7.36,8.33,18.69,53.1,116.8,0.0
site-b,2026-08-27T19:00:00Z,0.6889,0.0,22.78,7.16,6.76,22.56,50.4,0.0,0.0
site-b,2026-08-27T20:00:00Z,0.6891,0.0,21.13,7.2,6.62,20.83,49.2,0.0,0.0
site-b,2026-08-27T21:00:00Z,0.6893,0.0,20.05,7.13,6.51,21.32,50.0,0.0,0.0
site-b,2026-08-27T22:00:00Z,0.6895,0.0,18.42,7.12,6.88,22.94,50.4,0.0,0.0
site-b,2026-08-27T23:00:00Z,0.6896,0.0,17.96,7.14,6.58,22.94,51.1,0.0,0.0
site-b,2026-08-28T00:00:00Z,0.6898,0.0,16.2,7.15,6.86,22.08,49.5,0.0,0.0
site-b,2026-08-28T01:00:00Z,0.69,0.0,15.2,7.16,6.84,20.73,49.4,0.0,0.0
site-b,2026-08-28T02:00:00Z,0.6902,0.0,15.1,7.19,6.78,21.96,50.1,0.0,0.0
site-b,2026-08-28T03:00:00Z,0.6904,0.0,14.19,7.2,6.64,22.45,49.4,0.0,0.0
site-b,2026-08-28T04:00:00Z,0.6906,0.0,14.77,7.12,7.15,22.2,52.5,0.0,0.0
site-b,2026-08-28T05:00:00Z,0.6908,0.0,15.03,7.15,6.71,22.44,45.0,0.0,0.0
site-b,2026-08-28T06:00:00Z,0.6916,13.0328,16.15,7.4,7.94,18.73,49.5,112.3,0.0
site-b,2026-08-28T07:00:00Z,0.6933,33.828,17.23,7.58,10.53,16.01,51.3,607.5,0.0
site-b,2026-08-28T08:00:00Z,0.6951,37.6229,18.81,7.64,10.8,13.77,51.7,1064.2,0.0
site-b,2026-08-28T09:00:00Z,0.6972,42.594,19.74,7.72,11.19,12.08,51.0,1453.4,0.0
site-b,2026-08-28T10:00:00Z,0.6994,44.913,21.47,7.69,10.88,13.21,53.0,1750.5,0.0
site-b,2026-08-28T11:00:00Z,0.7014,40.5668,23.0,7.61,10.59,13.56,49.0,1936.6,0.0
site-b,2026-08-28T12:00:00Z,0.7032,35.8836,23.83,7.63,10.41,13.59,52.6,2000.0,0.0
site-b,2026-08-28T13:00:00Z,0.7052,41.5583,24.52,7.64,10.37,14.59,51.2,1936.6,0.0
site-b,2026-08-28T14:00:00Z,0.7073,42.7523,25.09,7.69,10.91,13.4,51.3,1750.5,0.0
site-b,2026-08-28T15:00:00Z,0.7096,46.0567,25.55,7.66,11.55,12.38,49.6,1453.4,0.0
site-b,2026-08-28T16:00:00Z,0.7116,41.4503,25.22,7.69,11.16,13.46,52.2,1064.2,0.0
site-b,2026-08-28T17:00:00Z,0.7135,37.4783,24.7,7.61,10.72,13.91,52.8,607.5,0.0
site-b,2026-08-28T18:00:00Z,0.7144,16.5555,23.83,7.35,8.37,18.92,50.4,112.3,0.0
site-b,2026-08-28T19:00:00Z,0.7146,0.0,22.59,7.14,6.74,22.13,52.0,0.0,0.0
site-b,2026-08-28T20:00:00Z,0.7148,0.0,21.48,7.19,6.92,22.36,51.9,0.0,0.0
site-b,2026-08-28T21:00:00Z,0.715,0.0,19.95,7.13,6.69,21.33,50.0,0.0,0.0
site-b,2026-08-28T22:00:00Z,0.7152,0.0,18.22,7.16,6.47,21.77,49.9,0.0,0.0
site-b,2026-08-28T23:00:00Z,0.7154,0.0,17.59,7.12,6.99,22.41,48.2,0.0,0.0
site-b,2026-08-29T00:00:00Z,0.7156,0.0,15.95,7.19,6.83,21.87,52.3,0.0,0.0
site-b,2026-08-29T01:00:00Z,0.7158,0.0,14.96,7.1,6.92,21.58,50.3,0.0,0.0
site-b,2026-08-29T02:00:00Z,0.716,0.0,14.74,7.12,7.01,22.56,51.6,0.0,0.0
site-b,2026-08-29T03:00:00Z,0.7162,0.0,14.82,7.14,6.73,21.07,50.9,0.0,0.0
site-b,2026-08-29T04:00:00Z,0.7164,0.0,14.8,7.17,7.17,21.55,50.4,0.0,0.0
site-b,2026-08-29T05:00:00Z,0.7166,0.0,15.12,7.17,6.98,23.07,52.5,0.0,0.0
site-b,2026-08-29T06:00:00Z,0.7173,11.3156,16.04,7.39,8.64,18.13,53.4,107.9,0.0
site-b,2026-08-29T07:00:00Z,0.7188,29.4726,17.1,7.56,10.33,14.43,51.6,604.0,0.0
site-b,2026-08-29T08:00:00Z,0.7206,37.8074,18.91,7.68,11.11,12.72,52.3,1061.7,0.0
site-b,2026-08-29T09:00:00Z,0.7227,41.8602,19.97,7.69,11.11,13.04,52.1,1451.9,0.0
site-b,2026-08-29T10:00:00Z,0.7247,40.4238,21.27,7.68,11.06,12.55,53.3,1749.8,0.0
site-b,2026-08-29T11:00:00Z,0.7267,40.6411,22.78,7.63,10.55,12.44,51.9,1936.4,0.0
site-b,2026-08-29T12:00:00Z,0.7285,36.5593,23.99,7.67,10.29,13.99,51.2,2000.0,0.0
site-b,2026-08-29T13:00:00Z,0.7303,35.627,24.71,7.64,10.46,14.65,53.9,1936.4,0.0
site-b,2026-08-29T14:00:00Z,0.7324,41.8921,25.23,7.68,11.1,13.01,54.7,1749.8,0.0
site-b,2026-08-29T15:00:00Z,0.7344,42.2857,25.43,7.74,11.39,11.95,51.8,1451.9,0.0
site-b,2026-08-29T16:00:00Z,0.7364,40.4194,25.4,7.69,11.27,12.78,51.9,1061.7,0.0
site-b,2026-08-29T17:00:00Z,0.7382,34.266,24.66,7.64,10.61,15.02,49.9,604.0,0.0
site-b,2026-08-29T18:00:00Z,0.739,13.512,24.07,7.33,8.53,18.67,51.5,107.9,0.0
site-b,2026-08-29T19:00:00Z,0.7392,0.0,23.04,7.16,6.56,22.22,52.0,0.0,0.0
site-b,2026-08-29T20:00:00Z,0.7394,0.0,21.47,7.15,6.81,21.09,51.6,0.0,0.0
site-b,2026-08-29T21:00:00Z,0.7396,0.0,19.91,7.14,6.92,22.55,50.9,0.0,0.0
site-b,2026-08-29T22:00:00Z,0.7398,0.0,19.06,7.14,6.84,21.92,54.4,0.0,0.0
site-b,2026-08-29T23:00:00Z,0.74,0.0,17.17,7.13,6.63,22.79,54.9,0.0,0.0
site-b,2026-08-30T00:00:00Z,0.7402,0.0,16.58,7.12,7.07,22.61,52.7,0.0,0.0
site-b,2026-08-30T01:00:00Z,0.7404,0.0,15.29,7.11,7.1,22.25,54.1,0.0,0.0
site-b,2026-08-30T02:00:00Z,0.7406,0.0,14.5,7.15,6.82,21.47,50.6,0.0,0.0
site-b,2026-08-30T03:00:00Z,0.7408,0.0,14.19,7.13,7.06,22.61,51.4,0.0,0.0
site-b,2026-08-30T04:00:00Z,0.741,0.0,14.7,7.08,6.77,23.05,50.6,0.0,0.0
site-b,2026-08-30T05:00:00Z,0.7412,0.0,15.29,7.11,7.23,21.36,53.2,0.0,0.0
site-b,2026-08-30T06:00:00Z,0.7419,10.8469,16.02,7.31,7.94,18.71,54.0,103.4,0.0
site-b,2026-08-30T07:00:00Z,0.7433,27.3712,16.44,7.65,10.57,12.64,50.1,600.4,0.0
site-b,2026-08-30T08:00:00Z,0.745,34.7205,18.39,7.61,10.78,13.66,51.5,1059.1,0.0
site-b,2026-08-30T09:00:00Z,0.7471,42.6345,19.77,7.71,11.36,12.97,53.5,1450.3,0.0
site-b,2026-08-30T10:00:00Z,0.7491,39.9627,21.27,7.7,11.06,13.14,52.2,1749.0,0.0
site-b,2026-08-30T11:00:00Z,0.7508,33.7767,22.81,7.67,10.7,13.94,52.1,1936.2,0.0
site-b,2026-08-30T12:00:00Z,0.7526,35.8762,24.02,7.59,10.8,13.86,53.1,2000.0,0.0
site-b,2026-08-30T13:00:00Z,0.7545,36.7571,24.6,7.66,10.91,14.16,54.0,1936.2,0.0
site-b,2026-08-30T14:00:00Z,0.7565,40.4147,25.68,7.71,10.95,12.66,54.7,1749.0,0.0
site-b,2026-08-30T15:00:00Z,0.7585,41.4105,25.27,7.68,11.19,12.92,53.3,1450.3,0.0
site-b,2026-08-30T16:00:00Z,0.7604,37.9849,25.21,7.71,10.79,13.55,54.4,1059.1,0.0
site-b,2026-08-30T17:00:00Z,0.7621,33.8719,24.48,7.69,10.27,14.13,53.5,600.4,0.0
site-b,2026-08-30T18:00:00Z,0.763,14.213,23.7,7.34,8.25,18.35,51.7,103.4,0.0
site-b,2026-08-30T19:00:00Z,0.7632,0.0,22.67,7.11,6.78,21.74,53.0,0.0,0.0
site-b,2026-08-30T20:00:00Z,0.7634,0.0,21.45,7.11,6.77,21.13,53.8,0.0,0.0
site-b,2026-08-30T21:00:00Z,0.7636,0.0,20.35,7.11,6.8,22.25,52.4,0.0,0.0
site-b,2026-08-30T22:00:00Z,0.7638,0.0,18.49,7.14,7.03,21.82,54.6,0.0,0.0
site-b,2026-08-30T23:00:00Z,0.764,0.0,17.45,7.19,6.68,22.53,54.1,0.0,0.0
site-b,2026-08-31T00:00:00Z,0.7642,0.0,15.68,7.15,6.67,21.92,52.1,0.0,0.0
site-b,2026-08-31T01:00:00Z,0.7644,0.0,15.28,7.19,6.59,21.62,52.3,0.0,0.0
site-b,2026-08-31T02:00:00Z,0.7646,0.0,14.44,7.19,7.0,21.5,55.0,0.0,0.0
site-b,2026-08-31T03:00:00Z,0.7648,0.0,14.26,7.18,6.98,22.37,53.8,0.0,0.0
site-b,2026-08-31T04:00:00Z,0.765,0.0,14.97,7.23,6.59,22.47,55.6,0.0,0.0
site-b,2026-08-31T05:00:00Z,0.7652,0.0,15.19,7.11,7.03,21.38,52.3,0.0,0.0
site-b,2026-08-31T06:00:00Z,0.7659,10.5931,15.83,7.36,8.32,18.3,53.9,98.9,0.0
site-b,2026-08-31T07:00:00Z,0.7673,27.0638,17.38,7.58,10.53,13.74,54.7,596.8,0.0
site-b,2026-08-31T08:00:00Z,0.7691,35.121,18.24,7.68,11.12,12.96,51.8,1056.6,0.0
site-b,2026-08-31T09:00:00Z,0.7709,35.4909,20.04,7.69,11.33,11.88,52.5,1448.8,0.0
site-b,2026-08-31T10:00:00Z,0.7728,38.7288,21.52,7.68,10.97,13.78,52.8,1748.3,0.0
site-b,2026-08-31T11:00:00Z,0.7744,31.054,22.47,7.63,10.05,14.81,52.4,1936.1,0.0
site-b,2026-08-31T12:00:00Z,0.7761,32.7556,23.95,7.63,10.72,14.39,55.6,2000.0,0.0
site-b,2026-08-31T13:00:00Z,0.7779,35.4696,24.48,7.63,11.06,12.96,54.7,1936.1,0.0
site-b,2026-08-31T14:00:00Z,0.7797,36.3292,25.34,7.65,10.74,13.03,53.0,1748.3,0.0
site-b,2026-08-31T15:00:00Z,0.7817,41.5379,25.47,7.76,11.31,12.21,54.6,1448.8,0.0
site-b,2026-08-31T16:00:00Z,0.7835,35.0577,25.12,7.67,10.84,13.37,52.2,1056.6,0.0
site-b,2026-08-31T17:00:00Z,0.7852,33.4123,25.18,7.59,10.22,14.5,54.3,596.8,0.0
site-b,2026-08-31T18:00:00Z,0.786,12.8186,24.21,7.36,8.27,18.24,53.9,98.9,0.0
site-b,2026-08-31T19:00:00Z,0.7862,0.0,22.85,7.19,7.07,22.0,54.4,0.0,0.0
site-b,2026-08-31T20:00:00Z,0.7864,0.0,21.33,7.12,6.96,21.87,53.9,0.0,0.0
site-b,2026-08-31T21:00:00Z,0.7866,0.0,20.16,7.16,6.85,21.48,54.3,0.0,0.0
site-b,2026-08-31T22:00:00Z,0.7868,0.0,18.43,7.11,7.16,21.23,49.7,0.0,0.0
site-b,2026-08-31T23:00:00Z,0.787,0.0,17.23,7.12,6.72,22.18,53.7,0.0,0.0
site-b,2026-09-01T00:00:00Z,0.7873,0.0,16.44,7.12,6.62,21.38,55.1,0.0,0.0
site-b,2026-09-01T01:00:00Z,0.7875,0.0,15.1,7.15,6.79,22.11,56.4,0.0,0.0
site-b,2026-09-01T02:00:00Z,0.7877,0.0,15.03,7.11,6.67,21.78,55.9,0.0,0.0
site-b,2026-09-01T03:00:00Z,0.7879,0.0,14.46,7.18,6.83,22.68,54.9,0.0,0.0
site-b,2026-09-01T04:00:00Z,0.7881,0.0,14.28,7.14,6.62,21.57,54.5,0.0,0.0
site-b,2026-09-01T05:00:00Z,0.7883,0.0,15.46,7.14,6.81,21.9,55.3,0.0,0.0
site-b,2026-09-01T06:00:00Z,0.7889,9.1494,16.13,7.33,8.12,19.31,55.1,94.3,0.0
site-b,2026-09-01T07:00:00Z,0.7902,24.2836,17.22,7.59,10.56,14.02,53.0,593.2,0.0
site-b,2026-09-01T08:00:00Z,0.7919,32.1598,18.14,7.7,11.28,12.39,55.9,1054.0,0.0
site-b,2026-09-01T09:00:00Z,0.7936,34.5297,20.3,7.72,11.09,13.48,51.9,1447.2,0.0
site-b,2026-09-01T10:00:00Z,0.7955,37.4627,20.89,7.64,10.99,12.48,52.6,1747.6,0.0
site-b,2026-09-01T11:00:00Z,0.7972,33.9666,22.89,7.57,10.45,13.45,55.7,1935.9,0.0
site-b,2026-09-01T12:00:00Z,0.799,35.3176,23.92,7.63,10.67,14.37,54.2,2000.0,0.0
site-b,2026-09-01T13:00:00Z,0.8007,33.5653,24.8,7.61,10.99,13.31,56.1,1935.9,0.0
site-b,2026-09-01T14:00:00Z,0.8025,35.7219,25.42,7.62,10.91,12.83,57.7,1747.6,0.0
site-b,2026-09-01T15:00:00Z,0.8044,38.3161,25.78,7.7,11.1,12.36,56.9,1447.2,0.0
site-b,2026-09-01T16:00:00Z,0.8061,33.5221,25.06,7.66,11.14,14.13,54.7,1054.0,0.0
site-b,2026-09-01T17:00:00Z,0.8076,28.9319,24.91,7.57,10.37,14.42,55.7,593.2,0.0
site-b,2026-09-01T18:00:00Z,0.8084,12.1925,24.0,7.32,8.33,18.56,56.8,94.3,0.0
site-b,2026-09-01T19:00:00Z,0.8086,0.0,22.75,7.15,6.74,22.24,55.1,0.0,0.0
site-b,2026-09-01T20:00:00Z,0.8088,0.0,21.16,7.17,6.44,20.94,53.8,0.0,0.0
site-b,2026-09-01T21:00:00Z,0.809,0.0,19.89,7.18,6.85,21.57,53.9,0.0,0.0
site-b,2026-09-01T22:00:00Z,0.8093,0.0,18.64,7.21,6.85,22.05,54.4,0.0,0.0
site-b,2026-09-01T23:00:00Z,0.8095,0.0,17.07,7.14,7.07,23.0,54.2,0.0,0.0
site-b,2026-09-02T00:00:00Z,0.8097,0.0,15.78,7.13,7.22,21.77,57.0,0.0,0.0
site-b,2026-09-02T01:00:00Z,0.8099,0.0,15.14,7.11,7.0,22.24,56.5,0.0,0.0
site-b,2026-09-02T02:00:00Z,0.8101,0.0,14.44,7.11,6.61,22.17,53.6,0.0,0.0
site-b,2026-09-02T03:00:00Z,0.8104,0.0,15.0,7.15,6.8,22.31,56.4,0.0,0.0
site-b,2026-09-02T04:00:00Z,0.8106,0.0,14.69,7.21,6.77,21.51,56.2,0.0,0.0
site-b,2026-09-02T05:00:00Z,0.8108,0.0,15.02,7.15,6.81,22.05,55.3,0.0,0.0
site-b,2026-09-02T06:00:00Z,0.8114,8.7864,16.0,7.3,8.48,18.79,52.2,89.7,0.0
site-b,2026-09-02T07:00:00Z,0.8127,23.472,17.16,7.56,10.53,13.87,56.1,589.5,0.0
site-b,2026-09-02T08:00:00Z,0.8143,32.2418,18.38,7.71,11.42,12.94,54.4,1051.4,0.0
site-b,2026-09-02T09:00:00Z,0.8159,31.0727,20.15,7.71,11.24,11.81,56.9,1445.6,0.0
site-b,2026-09-02T10:00:00Z,0.8177,35.6092,21.62,7.72,10.95,12.84,55.7,1746.8,0.0
site-b,2026-09-02T11:00:00Z,0.8192,27.7085,22.86,7.67,10.85,13.7,56.9,1935.7,0.0
site-b,2026-09-02T12:00:00Z,0.8206,28.4491,24.12,7.56,10.63,14.09,54.4,2000.0,0.0
site-b,2026-09-02T13:00:00Z,0.8222,31.209,24.99,7.62,10.67,13.49,54.6,1935.7,0.0
site-b,2026-09-02T14:00:00Z,0.824,33.6256,25.37,7.64,11.16,12.87,57.1,1746.8,0.0
site-b,2026-09-02T15:00:00Z,0.8257,33.5614,25.54,7.73,10.94,12.19,56.3,1445.6,0.0
site-b,2026-09-02T16:00:00Z,0.8274,34.6974,25.29,7.64,10.92,12.66,55.2,1051.4,0.0
site-b,2026-09-02T17:00:00Z,0.8288,26.8443,24.72,7.69,10.54,13.97,56.0,589.5,0.0
site-b,2026-09-02T18:00:00Z,0.8295,10.6246,24.2,7.32,8.33,19.43,56.0,89.7,0.0
site-b,2026-09-02T19:00:00Z,0.8298,0.0,22.73,7.15,6.54,21.76,55.2,0.0,0.0
site-b,2026-09-02T20:00:00Z,0.83,0.0,21.45,7.17,6.56,21.67,51.2,0.0,0.0
site-b,2026-09-02T21:00:00Z,0.8302,0.0,19.97,7.19,6.95,22.49,55.8,0.0,0.0
site-b,2026-09-02T22:00:00Z,0.8304,0.0,18.86,7.13,6.33,21.96,54.6,0.0,0.0
site-b,2026-09-02T23:00:00Z,0.8306,0.0,17.1,7.18,7.1,21.56,55.2,0.0,0.0
site-b,2026-09-03T00:00:00Z,0.8309,0.0,15.99,7.18,6.98,21.69,56.7,0.0,0.0
site-b,2026-09-03T01:00:00Z,0.8311,0.0,15.14,7.17,7.07,21.76,56.4,0.0,0.0
site-b,2026-09-03T02:00:00Z,0.8313,0.0,14.41,7.14,6.53,22.17,57.2,0.0,0.0
site-b,2026-09-03T03:00:00Z,0.8315,0.0,14.88,7.16,6.92,21.55,54.5,0.0,0.0
site-b,2026-09-03T04:00:00Z,0.8317,0.0,14.72,7.17,6.86,22.12,54.9,0.0,0.0
site-b,2026-09-03T05:00:00Z,0.832,0.0,14.87,7.17,6.82,21.45,54.9,0.0,0.0
site-b,2026-09-03T06:00:00Z,0.8325,8.087,16.36,7.27,8.29,18.03,55.3,85.1,0.0
site-b,2026-09-03T07:00:00Z,0.8339,25.7686,17.31,7.61,10.14,13.94,55.3,585.8,0.0
site-b,2026-09-03T08:00:00Z,0.8355,31.0393,18.97,7.66,11.03,12.7,55.0,1048.8,0.0
site-b,2026-09-03T09:00:00Z,0.8372,33.3707,20.48,7.71,11.11,12.86,59.2,1444.0,0.0
site-b,2026-09-03T10:00:00Z,0.8388,29.4852,21.42,7.67,11.2,13.34,54.9,1746.1,0.0
site-b,2026-09-03T11:00:00Z,0.8403,30.2314,22.98,7.61,10.61,13.8,56.7,1935.5,0.0
site-b,2026-09-03T12:00:00Z,0.8417,26.0112,23.57,7.62,10.48,14.57,54.8,2000.0,0.0
site-b,2026-09-03T13:00:00Z,0.8432,28.3577,24.66,7.62,10.77,14.33,57.9,1935.5,0.0
site-b,2026-09-03T14:00:00Z,0.8447,29.8254,25.24,7.7,11.09,13.45,58.2,1746.1,0.0
site-b,2026-09-03T15:00:00Z,0.8464,32.3315,25.63,7.69,11.04,12.42,54.0,1444.0,0.0
site-b,2026-09-03T16:00:00Z,0.8479,29.2382,25.01,7.64,11.12,13.01,55.3,1048.8,0.0
site-b,2026-09-03T17:00:00Z,0.8494,27.9363,25.05,7.61,10.51,15.05,57.0,585.8,0.0
site-b,2026-09-03T18:00:00Z,0.85,9.6914,23.87,7.33,7.98,19.09,57.4,85.1,0.0
site-b,2026-09-03T19:00:00Z,0.8503,0.0,22.67,7.18,6.83,22.16,56.6,0.0,0.0
site-b,2026-09-03T20:00:00Z,0.8505,0.0,21.23,7.14,6.46,21.54,57.0,0.0,0.0
site-b,2026-09-03T21:00:00Z,0.8507,0.0,20.01,7.22,6.57,22.34,54.9,0.0,0.0
site-b,2026-09-03T22:00:00Z,0.8509,0.0,18.45,7.16,6.57,21.5,55.4,0.0,0.0
site-b,2026-09-03T23:00:00Z,0.8512,0.0,17.46,7.18,7.01,22.24,56.9,0.0,0.0
site-b,2026-09-04T00:00:00Z,0.8514,0.0,16.03,7.14,6.48,22.35,55.4,0.0,0.0
site-b,2026-09-04T01:00:00Z,0.8516,0.0,15.08,7.13,7.01,21.95,53.9,0.0,0.0
site-b,2026-09-04T02:00:00Z,0.8518,0.0,14.65,7.12,6.69,22.27,54.6,0.0,0.0
site-b,2026-09-04T03:00:00Z,0.8521,0.0,14.39,7.15,6.9,21.89,56.5,0.0,0.0
site-b,2026-09-04T04:00:00Z,0.8523,0.0,14.43,7.16,7.04,21.74,58.2,0.0,0.0
site-b,2026-09-04T05:00:00Z,0.8525,0.0,15.33,7.16,6.86,22.31,54.5,0.0,0.0
site-b,2026-09-04T06:00:00Z,0.853,6.8896,16.22,7.26,7.99,19.57,55.7,80.5,0.0
site-b,2026-09-04T07:00:00Z,0.8543,22.3585,17.58,7.58,10.23,14.02,60.1,582.1,0.0
site-b,2026-09-04T08:00:00Z,0.8557,28.02,18.27,7.65,10.71,12.57,56.9,1046.1,0.0
site-b,2026-09-04T09:00:00Z,0.8574,31.229,20.5,7.68,11.42,12.12,54.6,1442.4,0.0
site-b,2026-09-04T10:00:00Z,0.8589,29.4789,21.46,7.65,10.86,13.29,55.2,1745.3,0.0
site-b,2026-09-04T11:00:00Z,0.8603,25.8977,22.79,7.64,10.37,13.24,59.9,1935.3,0.0
site-b,2026-09-04T12:00:00Z,0.8617,26.4198,24.01,7.64,10.43,13.3,55.5,2000.0,0.0
site-b,2026-09-04T13:00:00Z,0.8631,28.1452,24.38,7.67,10.83,13.09,58.7,1935.3,0.0
site-b,2026-09-04T14:00:00Z,0.8647,29.5897,25.35,7.69,11.27,13.05,56.6,1745.3,0.0
site-b,2026-09-04T15:00:00Z,0.8663,31.4,25.4,7.7,11.45,12.45,57.9,1442.4,0.0
site-b,2026-09-04T16:00:00Z,0.8677,26.1383,25.35,7.7,11.29,12.37,56.9,1046.1,0.0
site-b,2026-09-04T17:00:00Z,0.8691,25.235,24.8,7.61,10.1,14.23,57.2,582.1,0.0
site-b,2026-09-04T18:00:00Z,0.8696,8.2262,24.12,7.31,7.96,20.32,59.3,80.5,0.0
site-b,2026-09-04T19:00:00Z,0.8699,0.0,22.8,7.15,7.07,23.09,57.0,0.0,0.0
site-b,2026-09-04T20:00:00Z,0.8701,0.0,21.52,7.11,6.8,21.03,57.2,0.0,0.0
site-b,2026-09-04T21:00:00Z,0.8703,0.0,20.39,7.17,7.14,22.16,56.9,0.0,0.0
site-b,2026-09-04T22:00:00Z,0.8706,0.0,18.26,7.14,7.06,21.77,57.4,0.0,0.0
site-b,2026-09-04T23:00:00Z,0.8708,0.0,17.26,7.13,6.99,21.65,57.5,0.0,0.0
site-b,2026-09-05T00:00:00Z,0.871,0.0,16.26,7.14,6.81,22.33,57.4,0.0,0.0
site-b,2026-09-05T01:00:00Z,0.8712,0.0,15.3,7.23,6.82,21.99,56.2,0.0,0.0
site-b,2026-09-05T02:00:00Z,0.8715,0.0,15.12,7.18,6.53,22.51,54.2,0.0,0.0
site-b,2026-09-05T03:00:00Z,0.8717,0.0,14.24,7.12,6.48,22.23,57.9,0.0,0.0
site-b,2026-09-05T04:00:00Z,0.8719,0.0,14.75,7.07,6.97,22.42,57.4,0.0,0.0
site-b,2026-09-05T05:00:00Z,0.8722,0.0,15.46,7.16,7.0,21.64,56.2,0.0,0.0
site-b,2026-09-05T06:00:00Z,0.8727,6.4003,16.14,7.32,8.21,19.41,57.1,75.8,0.0
site-b,2026-09-05T07:00:00Z,0.8738,21.1614,17.46,7.59,10.66,14.62,57.5,578.4,0.0
site-b,2026-09-05T08:00:00Z,0.8752,25.06,18.19,7.69,11.18,13.23,57.9,1043.4,0.0
site-b,2026-09-05T09:00:00Z,0.6137,29.0138,19.93,7.78,11.28,13.26,47.6,1440.8,0.2045
site-b,2026-09-05T10:00:00Z,0.6163,54.1608,21.69,7.67,11.23,14.17,47.5,1744.5,0.0
site-b,2026-09-05T11:00:00Z,0.6187,51.3627,22.41,7.64,10.72,13.01,43.4,1935.1,0.0
site-b,2026-09-05T12:00:00Z,0.621,47.633,24.03,7.63,10.67,14.27,45.1,2000.0,0.0
site-b,2026-09-05T13:00:00Z,0.6233,48.4425,25.06,7.63,10.73,13.82,44.1,1935.1,0.0
site-b,2026-09-05T14:00:00Z,0.626,56.3983,25.15,7.66,11.35,12.01,47.4,1744.5,0.0
site-b,2026-09-05T15:00:00Z,0.6286,55.1153,26.27,7.71,11.27,12.11,45.3,1440.8,0.0
site-b,2026-09-05T16:00:00Z,0.6311,53.075,25.59,7.65,11.22,12.63,49.0,1043.4,0.0
site-b,2026-09-05T17:00:00Z,0.6333,44.728,24.88,7.58,10.63,13.9,47.8,578.4,0.0
site-b,2026-09-05T18:00:00Z,0.6342,16.2687,24.44,7.33,8.15,19.31,45.4,75.8,0.0
site-b,2026-09-05T19:00:00Z,0.6343,0.0,22.64,7.14,6.72,22.18,47.2,0.0,0.0
site-b,2026-09-05T20:00:00Z,0.6345,0.0,21.98,7.14,6.7,22.09,47.0,0.0,0.0
site-b,2026-09-05T21:00:00Z,0.6346,0.0,19.65,7.14,6.88,21.64,44.0,0.0,0.0
site-b,2026-09-05T22:00:00Z,0.6348,0.0,18.42,7.13,6.57,22.19,45.8,0.0,0.0
site-b,2026-09-05T23:00:00Z,0.635,0.0,16.88,7.18,7.24,21.49,47.1,0.0,0.0
site-b,2026-09-06T00:00:00Z,0.6351,0.0,15.87,7.14,6.66,22.13,46.6,0.0,0.0
site-b,2026-09-06T01:00:00Z,0.6353,0.0,15.13,7.15,6.73,22.09,46.2,0.0,0.0
site-b,2026-09-06T02:00:00Z,0.6355,0.0,14.72,7.15,6.82,22.1,46.3,0.0,0.0
site-b,2026-09-06T03:00:00Z,0.6356,0.0,14.68,7.18,6.62,21.07,48.3,0.0,0.0
site-b,2026-09-06T04:00:00Z,0.6358,0.0,14.27,7.16,7.18,21.97,46.5,0.0,0.0
site-b,2026-09-06T05:00:00Z,0.636,0.0,15.45,7.11,7.17,21.16,48.1,0.0,0.0
site-b,2026-09-06T06:00:00Z,0.6366,11.3249,15.88,7.29,7.75,18.94,46.2,71.1,0.0
site-b,2026-09-06T07:00:00Z,0.6384,36.2887,17.0,7.59,10.42,14.07,46.1,574.6,0.0
site-b,2026-09-06T08:00:00Z,0.6408,49.1067,19.0,7.64,11.12,13.04,45.2,1040.8,0.0
site-b,2026-09-06T09:00:00Z,0.6431,48.1935,19.94,7.68,11.41,13.38,47.8,1439.1,0.0
site-b,2026-09-06T10:00:00Z,0.6456,52.6097,21.63,7.68,11.04,12.78,44.4,1743.8,0.0
site-b,2026-09-06T11:00:00Z,0.6477,44.6662,22.72,7.63,10.9,13.49,48.8,1934.9,0.0
site-b,2026-09-06T12:00:00Z,0.6501,49.9715,23.64,7.56,10.49,14.22,47.0,2000.0,0.0
site-b,2026-09-06T13:00:00Z,0.6525,49.1673,24.71,7.65,10.79,12.8,45.9,1934.9,0.0
site-b,2026-09-06T14:00:00Z,0.6549,50.7872,25.38,7.7,11.24,13.29,49.0,1743.8,0.0
site-b,2026-09-06T15:00:00Z,0.6574,52.5508,25.35,7.71,11.37,12.78,49.9,1439.1,0.0
site-b,2026-09-06T16:00:00Z,0.6597,47.6636,25.32,7.67,11.01,13.88,48.8,1040.8,0.0
site-b,2026-09-06T17:00:00Z,0.6619,44.8468,25.21,7.6,10.28,13.41,48.4,574.6,0.0
site-b,2026-09-06T18:00:00Z,0.6626,12.8826,24.2,7.31,7.84,19.69,45.7,71.1,0.0
site-b,2026-09-06T19:00:00Z,0.6628,0.0,22.61,7.16,6.77,21.82,48.4,0.0,0.0
site-b,2026-09-06T20:00:00Z,0.663,0.0,21.52,7.12,6.68,22.56,47.1,0.0,0.0
site-b,2026-09-06T21:00:00Z,0.6631,0.0,19.94,7.16,6.82,21.19,48.5,0.0,0.0
site-b,2026-09-06T22:00:00Z,0.6633,0.0,18.33,7.14,6.9,22.77,46.8,0.0,0.0
site-b,2026-09-06T23:00:00Z,0.6635,0.0,16.9,7.16,6.82,21.91,47.3,0.0,0.0
site-b,2026-09-07T00:00:00Z,0.6637,0.0,16.84,7.15,6.43,21.37,46.2,0.0,0.0
site-b,2026-09-07T01:00:00Z,0.6638,0.0,15.35,7.19,7.03,21.92,48.1,0.0,0.0
site-b,2026-09-07T02:00:00Z,0.664,0.0,14.29,7.18,6.54,21.05,46.4,0.0,0.0
site-b,2026-09-07T03:00:00Z,0.6642,0.0,14.94,7.12,6.5,22.77,46.7,0.0,0.0
site-b,2026-09-07T04:00:00Z,0.6643,0.0,14.87,7.18,7.0,21.4,48.9,0.0,0.0
site-b,2026-09-07T05:00:00Z,0.6645,0.0,14.92,7.1,7.08,22.4,48.6,0.0,0.0
site-b,2026-09-07T06:00:00Z,0.6652,10.6726,16.04,7.31,7.72,19.56,47.3,66.3,0.0
site-b,2026-09-07T07:00:00Z,0.667,36.8039,17.12,7.61,10.31,14.49,47.4,570.9,0.0
site-b,2026-09-07T08:00:00Z,0.6691,44.5907,18.79,7.64,10.9,12.73,50.2,1038.1,0.0
site-b,2026-09-07T09:00:00Z,0.6717,53.8509,19.72,7.7,11.12,13.25,46.3,1437.5,0.0
site-b,2026-09-07T10:00:00Z,0.674,47.7499,20.92,7.7,11.07,12.58,44.1,1743.0,0.0
site-b,2026-09-07T11:00:00Z,0.6761,44.4824,22.38,7.57,10.51,13.98,47.6,1934.7,0.0
site-b,2026-09-07T12:00:00Z,0.6783,44.8698,23.86,7.61,10.32,13.89,45.9,2000.0,0.0
site-b,2026-09-07T13:00:00Z,0.6806,48.1468,24.6,7.66,10.71,14.19,49.2,1934.7,0.0
site-b,2026-09-07T14:00:00Z,0.683,50.5044,25.01,7.67,11.02,12.69,48.9,1743.0,0.0
site-b,2026-09-07T15:00:00Z,0.6855,52.2522,25.27,7.7,11.19,12.32,47.6,1437.5,0.0
site-b,2026-09-07T16:00:00Z,0.6877,45.0295,25.46,7.66,11.06,12.7,49.6,1038.1,0.0
site-b,2026-09-07T17:00:00Z,0.6898,42.0571,24.66,7.57,10.53,14.35,49.1,570.9,0.0
site-b,2026-09-07T18:00:00Z,0.6905,12.6601,23.9,7.26,7.85,19.72,49.5,66.3,0.0
site-b,2026-09-07T19:00:00Z,0.6907,0.0,22.59,7.11,6.92,22.44,46.9,0.0,0.0
site-b,2026-09-07T20:00:00Z,0.6909,0.0,21.35,7.14,6.73,22.23,49.3,0.0,0.0
site-b,2026-09-07T21:00:00Z,0.691,0.0,19.8,7.12,6.72,22.4,49.3,0.0,0.0
site-b,2026-09-07T22:00:00Z,0.6912,0.0,18.9,7.13,6.48,23.02,48.1,0.0,0.0
site-b,2026-09-07T23:00:00Z,0.6914,0.0,17.0,7.15,6.94,22.12,47.6,0.0,0.0
site-b,2026-09-08T00:00:00Z,0.6916,0.0,16.18,7.12,6.82,21.78,48.5,0.0,0.0
site-b,2026-09-08T01:00:00Z,0.6918,0.0,15.2,7.15,6.63,22.25,47.5,0.0,0.0
site-b,2026-09-08T02:00:00Z,0.6919,0.0,14.62,7.14,6.74,22.31,49.7,0.0,0.0
site-b,2026-09-08T03:00:00Z,0.6921,0.0,14.5,7.21,6.7,22.47,49.6,0.0,0.0
site-b,2026-09-08T04:00:00Z,0.6923,0.0,15.25,7.15,6.63,22.33,49.1,0.0,0.0
site-b,2026-09-08T05:00:00Z,0.6925,0.0,15.47,7.12,6.66,22.3,50.0,0.0,0.0
site-b,2026-09-08T06:00:00Z,0.6931,10.1351,16.23,7.34,7.98,20.24,43.9,61.6,0.0
site-b,2026-09-08T07:00:00Z,0.6949,35.9612,17.12,7.64,10.41,14.1,48.2,567.0,0.0
site-b,2026-09-08T08:00:00Z,0.697,42.8285,18.35,7.68,10.91,12.12,48.5,1035.3,0.0
site-b,2026-09-08T09:00:00Z,0.6991,45.0523,19.8,7.71,11.35,12.61,49.9,1435.8,0.0
site-b,2026-09-08T10:00:00Z,0.7014,47.8407,20.84,7.65,11.5,12.89,50.4,1742.2,0.0
site-b,2026-09-08T11:00:00Z,0.7036,44.2854,22.92,7.65,10.45,13.84,47.6,1934.5,0.0
site-b,2026-09-08T12:00:00Z,0.7056,40.6277,23.72,7.61,10.48,13.59,50.6,2000.0,0.0
site-b,2026-09-08T13:00:00Z,0.7079,47.2193,24.21,7.63,10.69,13.67,49.3,1934.5,0.0
site-b,2026-09-08T14:00:00Z,0.7105,54.9248,25.08,7.74,10.86,13.76,47.7,1742.2,0.0
site-b,2026-09-08T15:00:00Z,0.7129,49.8158,25.64,7.74,10.96,12.79,50.1,1435.8,0.0
site-b,2026-09-08T16:00:00Z,0.7151,45.4236,25.39,7.7,11.25,13.65,49.0,1035.3,0.0
site-b,2026-09-08T17:00:00Z,0.717,39.2924,24.22,7.56,10.6,14.28,49.5,567.0,0.0
site-b,2026-09-08T18:00:00Z,0.7177,12.2078,24.12,7.26,8.01,19.3,48.0,61.6,0.0
site-b,2026-09-08T19:00:00Z,0.7179,0.0,22.66,7.13,6.83,21.27,48.1,0.0,0.0
site-b,2026-09-08T20:00:00Z,0.7181,0.0,21.54,7.17,6.52,22.08,48.6,0.0,0.0
site-b,2026-09-08T21:00:00Z,0.7183,0.0,20.33,7.18,7.05,22.55,51.0,0.0,0.0
site-b,2026-09-08T22:00:00Z,0.7185,0.0,19.23,7.11,7.05,22.87,49.8,0.0,0.0
site-b,2026-09-08T23:00:00Z,0.7187,0.0,16.54,7.18,6.82,22.48,53.0,0.0,0.0
site-b,2026-09-09T00:00:00Z,0.7188,0.0,16.12,7.14,6.58,22.24,48.6,0.0,0.0
site-b,2026-09-09T01:00:00Z,0.719,0.0,15.6,7.13,6.55,21.98,47.7,0.0,0.0
site-b,2026-09-09T02:00:00Z,0.7192,0.0,14.6,7.18,6.82,22.14,49.3,0.0,0.0
site-b,2026-09-09T03:00:00Z,0.7194,0.0,14.66,7.15,7.08,22.04,50.8,0.0,0.0
site-b,2026-09-09T04:00:00Z,0.7196,0.0,14.49,7.18,6.67,22.78,49.2,0.0,0.0
site-b,2026-09-09T05:00:00Z,0.7198,0.0,15.03,7.15,7.04,22.64,49.5,0.0,0.0
site-b,2026-09-09T06:00:00Z,0.7203,8.5121,15.99,7.2,7.79,20.76,49.6,56.8,0.0
site-b,2026-09-09T07:00:00Z,0.7223,39.2286,17.8,7.61,10.31,14.06,48.2,563.2,0.0
site-b,2026-09-09T08:00:00Z,0.7243,42.2353,18.81,7.68,11.15,12.47,49.4,1032.6,0.0
site-b,2026-09-09T09:00:00Z,0.7268,51.823,19.99,7.67,11.07,12.35,51.1,1434.2,0.0
site-b,2026-09-09T10:00:00Z,0.7291,46.5722,21.59,7.72,11.22,12.8,48.4,1741.4,0.0
site-b,2026-09-09T11:00:00Z,0.7312,44.2634,22.73,7.63,10.41,14.55,49.6,1934.3,0.0
site-b,2026-09-09T12:00:00Z,0.7332,41.2146,23.74,7.61,10.49,14.26,51.3,2000.0,0.0
site-b,2026-09-09T13:00:00Z,0.7354,43.3579,24.75,7.67,10.9,13.69,52.3,1934.3,0.0
site-b,2026-09-09T14:00:00Z,0.7377,47.6349,25.38,7.71,11.3,13.19,50.1,1741.4,0.0
site-b,2026-09-09T15:00:00Z,0.7399,47.327,25.33,7.69,11.33,13.4,47.4,1434.2,0.0
site-b,2026-09-09T16:00:00Z,0.7423,49.633,25.0,7.64,10.88,12.86,47.1,1032.6,0.0
site-b,2026-09-09T17:00:00Z,0.7444,41.287,25.02,7.59,10.59,14.6,48.1,563.2,0.0
site-b,2026-09-09T18:00:00Z,0.7451,11.844,24.29,7.26,7.47,19.82,51.7,56.8,0.0
site-b,2026-09-09T19:00:00Z,0.7453,0.0,22.74,7.15,6.85,22.72,49.1,0.0,0.0
site-b,2026-09-09T20:00:00Z,0.7455,0.0,21.56,7.14,6.89,22.53,51.8,0.0,0.0
site-b,2026-09-09T21:00:00Z,0.7457,0.0,20.1,7.13,6.56,22.28,51.2,0.0,0.0
site-b,2026-09-09T22:00:00Z,0.7458,0.0,18.46,7.09,6.81,21.93,50.3,0.0,0.0
site-b,2026-09-09T23:00:00Z,0.746,0.0,17.04,7.18,6.78,21.91,52.3,0.0,0.0
site-b,2026-09-10T00:00:00Z,0.7462,0.0,16.09,7.15,6.81,21.9,52.6,0.0,0.0
site-b,2026-09-10T01:00:00Z,0.7464,0.0,15.14,7.15,6.69,21.41,49.4,0.0,0.0
site-b,2026-09-10T02:00:00Z,0.7466,0.0,15.07,7.15,6.72,21.06,50.4,0.0,0.0
site-b,2026-09-10T03:00:00Z,0.7468,0.0,14.46,7.2,6.8,21.17,49.3,0.0,0.0
site-b,2026-09-10T04:00:00Z,0.747,0.0,14.45,7.17,7.21,22.15,51.4,0.0,0.0
site-b,2026-09-10T05:00:00Z,0.7472,0.0,15.61,7.13,6.75,21.49,50.6,0.0,0.0
site-b,2026-09-10T06:00:00Z,0.7477,7.8854,16.21,7.32,7.63,20.57,48.4,52.0,0.0
site-b,2026-09-10T07:00:00Z,0.7495,35.7679,17.43,7.62,10.23,14.29,52.4,559.4,0.0
site-b,2026-09-10T08:00:00Z,0.7516,42.6559,18.31,7.68,10.86,13.14,51.9,1029.9,0.0
site-b,2026-09-10T09:00:00Z,0.7538,44.9829,19.97,7.72,11.2,12.63,52.3,1432.5,0.0
site-b,2026-09-10T10:00:00Z,0.756,46.2246,21.63,7.69,11.06,13.27,50.0,1740.6,0.0
site-b,2026-09-10T11:00:00Z,0.7582,44.7526,22.86,7.66,10.87,13.54,48.4,1934.1,0.0
site-b,2026-09-10T12:00:00Z,0.7602,40.4661,24.04,7.64,10.47,14.42,51.2,2000.0,0.0
site-b,2026-09-10T13:00:00Z,0.7624,44.7673,24.7,7.63,10.74,13.57,51.5,1934.1,0.0
site-b,2026-09-10T14:00:00Z,0.7647,48.7616,25.62,7.67,11.07,12.96,51.9,1740.6,0.0
site-b,2026-09-10T15:00:00Z,0.7671,47.8552,25.52,7.73,11.18,12.39,50.2,1432.5,0.0
site-b,2026-09-10T16:00:00Z,0.7691,42.3308,25.72,7.74,11.05,13.77,49.4,1029.9,0.0
site-b,2026-09-10T17:00:00Z,0.7712,42.3828,25.37,7.55,10.63,13.77,50.9,559.4,0.0
site-b,2026-09-10T18:00:00Z,0.7718,9.8826,24.02,7.28,7.74,19.96,51.5,52.0,0.0
site-b,2026-09-10T19:00:00Z,0.772,0.0,22.75,7.15,6.73,21.92,51.1,0.0,0.0
site-b,2026-09-10T20:00:00Z,0.7722,0.0,21.33,7.13,6.81,22.67,54.1,0.0,0.0
site-b,2026-09-10T21:00:00Z,0.7724,0.0,19.88,7.13,6.92,22.44,53.0,0.0,0.0
site-b,2026-09-10T22:00:00Z,0.7726,0.0,18.76,7.11,6.8,22.41,53.4,0.0,0.0
site-b,2026-09-10T23:00:00Z,0.7728,0.0,16.95,7.12,6.65,22.2,54.2,0.0,0.0
site-b,2026-09-11T00:00:00Z,0.773,0.0,16.68,7.16,7.12,22.65,52.9,0.0,0.0
site-b,2026-09-11T01:00:00Z,0.7732,0.0,15.72,7.12,7.29,21.64,51.0,0.0,0.0
site-b,2026-09-11T02:00:00Z,0.7734,0.0,14.57,7.19,6.92,21.96,51.0,0.0,0.0
site-b,2026-09-11T03:00:00Z,0.7736,0.0,14.41,7.15,6.57,21.01,50.7,0.0,0.0
site-b,2026-09-11T04:00:00Z,0.7738,0.0,14.75,7.17,6.57,22.73,54.2,0.0,0.0
site-b,2026-09-11T05:00:00Z,0.774,0.0,14.98,7.14,6.9,22.47,52.0,0.0,0.0
site-b,2026-09-11T06:00:00Z,0.7745,6.6538,16.22,7.26,7.3,20.66,50.4,47.1,0.0
site-b,2026-09-11T07:00:00Z,0.7761,32.8084,17.47,7.58,10.17,13.73,49.8,555.5,0.0
site-b,2026-09-11T08:00:00Z,0.7781,38.8406,18.69,7.67,10.73,13.61,51.3,1027.1,0.0
site-b,2026-09-11T09:00:00Z,0.7802,44.4422,20.37,7.77,10.96,11.66,51.7,1430.8,0.0
site-b,2026-09-11T10:00:00Z,0.7826,48.7248,21.75,7.65,10.97,12.98,55.4,1739.9,0.0
site-b,2026-09-11T11:00:00Z,0.7847,42.5085,22.84,7.63,10.75,13.7,52.6,1933.9,0.0
site-b,2026-09-11T12:00:00Z,0.7866,38.51,24.14,7.63,10.83,14.26,50.7,2000.0,0.0
site-b,2026-09-11T13:00:00Z,0.7886,41.4657,24.4,7.6,10.42,13.79,50.9,1933.9,0.0
site-b,2026-09-11T14:00:00Z,0.7908,44.0983,25.53,7.64,11.13,12.86,51.8,1739.9,0.0
site-b,2026-09-11T15:00:00Z,0.7931,48.3536,25.38,7.63,11.54,13.21,52.5,1430.8,0.0
site-b,2026-09-11T16:00:00Z,0.7952,42.81,24.95,7.7,11.23,13.17,51.7,1027.1,0.0
site-b,2026-09-11T17:00:00Z,0.7971,37.9496,24.78,7.59,10.14,13.71,52.1,555.5,0.0
site-b,2026-09-11T18:00:00Z,0.7977,7.9218,23.8,7.22,7.26,19.7,51.8,47.1,0.0
site-b,2026-09-11T19:00:00Z,0.7979,0.0,22.24,7.15,6.8,22.22,54.7,0.0,0.0
site-b,2026-09-11T20:00:00Z,0.7981,0.0,21.77,7.17,6.79,22.18,54.6,0.0,0.0
site-b,2026-09-11T21:00:00Z,0.7983,0.0,20.27,7.11,6.62,22.11,52.6,0.0,0.0
site-b,2026-09-11T22:00:00Z,0.7985,0.0,18.83,7.11,6.55,21.47,54.2,0.0,0.0
site-b,2026-09-11T23:00:00Z,0.7987,0.0,17.22,7.14,6.41,22.22,52.8,0.0,0.0
